Window_ID,Train_ID,Time_ms,CH1_Voltage,CH2_Voltage
1,T001,5,-0.00604087217924587,-0.00507472300149132
2,T001,10,-0.00539677272756046,-0.00314242464190517
3,T001,15,-0.00571882245347863,-0.00410857382237793
4,T001,20,-0.00604087217924587,-0.0034644743688805
5,T001,25,-0.00539677272756046,-0.0034644743688805
6,T001,30,-0.00668497163032762,-0.00443062354890007
7,T001,35,-0.00571882245347863,-0.00378652409570475
8,T001,40,-0.00539677272756046,-0.00378652409570475
9,T001,45,-0.00539677272756046,-0.00378652409570475
10,T001,50,-0.00571882245347863,-0.00378652409570475
11,T001,55,-0.00539677272756046,-0.0034644743688805
12,T001,60,-0.00571882245347863,-0.00314242464190517
13,T001,65,-0.00571882245347863,-0.00539677272756046
14,T001,70,-0.00604087217924587,-0.00314242464190517
15,T001,75,-0.00571882245347863,0.00362061965951331
16,T001,80,0.00619701750619279,-0.00314242464190517
17,T001,85,-0.00539677272756046,0.00329856992936049
18,T001,90,-0.00571882245347863,-0.0034644743688805
19,T001,95,-0.00539677272756046,-0.0034644743688805
20,T001,100,-0.00571882245347863,0.00426471912027356
21,T001,105,-0.00539677272756046,-0.0034644743688805
22,T001,110,-0.00604087217924587,-0.00443062354890007
23,T001,115,-0.00571882245347863,-0.0034644743688805
24,T001,120,-0.00539677272756046,-0.00443062354890007
25,T001,125,-0.00571882245347863,-0.00539677272756046
26,T001,130,-0.00571882245347863,-0.0034644743688805
27,T001,135,-0.00571882245347863,-0.00314242464190517
28,T001,140,-0.00571882245347863,-0.00314242464190517
29,T001,145,-0.00604087217924587,-0.0034644743688805
30,T001,150,-0.00604087217924587,-0.00378652409570475
31,T001,155,-0.00571882245347863,-0.00539677272756046
32,T001,160,-0.00539677272756046,0.00329856992936049
33,T001,165,-0.00539677272756046,-0.00314242464190517
34,T001,170,-0.00571882245347863,-0.00314242464190517
35,T001,175,-0.00571882245347863,-0.0034644743688805
36,T001,180,-0.00539677272756046,-0.0034644743688805
37,T001,185,-0.00539677272756046,-0.0034644743688805
38,T001,190,-0.00571882245347863,-0.0034644743688805
39,T001,195,-0.00700702135564216,-0.0047526732752712
40,T001,200,-0.00539677272756046,-0.00507472300149132
41,T001,205,-0.00571882245347863,-0.0034644743688805
42,T001,210,-0.00539677272756046,-0.0034644743688805
43,T001,215,-0.00571882245347863,-0.0034644743688805
44,T001,220,-0.00571882245347863,0.00362061965951331
45,T001,225,-0.00539677272756046,-0.0034644743688805
46,T001,230,-0.00539677272756046,0.00329856992936049
47,T001,235,-0.00539677272756046,-0.00314242464190517
48,T001,240,-0.00636292190486219,-0.00410857382237793
49,T001,245,-0.00571882245347863,-0.0034644743688805
50,T001,250,-0.00539677272756046,-0.0034644743688805
51,T001,255,-0.00571882245347863,-0.00410857382237793
52,T001,260,-0.00604087217924587,-0.0034644743688805
53,T001,265,-0.00668497163032762,-0.00378652409570475
54,T001,270,-0.00571882245347863,-0.0034644743688805
55,T001,275,-0.00539677272756046,-0.0034644743688805
56,T001,280,-0.00539677272756046,-0.00314242464190517
57,T001,285,-0.00571882245347863,-0.0034644743688805
58,T001,290,-0.00571882245347863,-0.00410857382237793
59,T001,295,-0.00604087217924587,-0.00378652409570475
60,T001,300,-0.00539677272756046,-0.00314242464190517
61,T001,305,-0.00604087217924587,-0.00314242464190517
62,T001,310,-0.00539677272756046,-0.0047526732752712
63,T001,315,-0.00571882245347863,-0.0034644743688805
64,T001,320,-0.00571882245347863,-0.0034644743688805
65,T001,325,-0.00539677272756046,-0.00378652409570475
66,T001,330,-0.00539677272756046,-0.0034644743688805
67,T001,335,-0.00571882245347863,-0.0034644743688805
68,T001,340,-0.00571882245347863,-0.00314242464190517
69,T001,345,-0.00539677272756046,-0.0034644743688805
70,T001,350,-0.00732907108080585,-0.00410857382237793
71,T001,355,-0.00571882245347863,-0.0034644743688805
72,T001,360,-0.00571882245347863,-0.0034644743688805
73,T001,365,-0.00571882245347863,-0.0034644743688805
74,T001,370,-0.00571882245347863,-0.0034644743688805
75,T001,375,-0.00571882245347863,-0.0034644743688805
76,T001,380,-0.00571882245347863,-0.0034644743688805
77,T001,385,-0.00571882245347863,-0.00443062354890007
78,T001,390,-0.00571882245347863,-0.0034644743688805
79,T001,395,-0.00571882245347863,-0.0034644743688805
80,T001,400,-0.00539677272756046,-0.00314242464190517
81,T001,405,-0.00571882245347863,-0.00378652409570475
82,T001,410,-0.00571882245347863,-0.0034644743688805
83,T001,415,-0.00539677272756046,-0.0034644743688805
84,T001,420,-0.00539677272756046,-0.0034644743688805
85,T001,425,-0.00571882245347863,-0.0034644743688805
86,T001,430,-0.00604087217924587,-0.0034644743688805
87,T001,435,-0.00604087217924587,0.00329856992936049
88,T001,440,-0.00604087217924587,-0.00314242464190517
89,T001,445,-0.00571882245347863,-0.0034644743688805
90,T001,450,-0.0076511208058187,-0.00410857382237793
91,T001,455,-0.00539677272756046,-0.0034644743688805
92,T001,460,-0.00604087217924587,0.00394266938981766
93,T001,465,-0.00604087217924587,-0.0034644743688805
94,T001,470,-0.00539677272756046,-0.00314242464190517
95,T001,475,-0.00539677272756046,-0.00378652409570475
96,T001,480,-0.00539677272756046,-0.00410857382237793
97,T001,485,-0.00539677272756046,-0.00410857382237793
98,T001,490,-0.00571882245347863,0.00394266938981766
99,T001,495,-0.00539677272756046,-0.0034644743688805
100,T001,500,-0.00636292190486219,-0.00443062354890007
101,T001,505,-0.00571882245347863,-0.0034644743688805
102,T001,510,-0.00571882245347863,-0.00410857382237793
103,T001,515,-0.00539677272756046,-0.0034644743688805
104,T001,520,-0.00604087217924587,-0.0034644743688805
105,T001,525,-0.00604087217924587,-0.0034644743688805
106,T001,530,-0.00571882245347863,-0.00314242464190517
107,T001,535,-0.00539677272756046,-0.00314242464190517
108,T001,540,-0.00539677272756046,-0.0034644743688805
109,T001,545,-0.00539677272756046,-0.0034644743688805
110,T001,550,-0.00571882245347863,-0.00378652409570475
111,T001,555,-0.00668497163032762,-0.0034644743688805
112,T001,560,-0.00571882245347863,0.00394266938981766
113,T001,565,-0.00571882245347863,-0.0034644743688805
114,T001,570,-0.00539677272756046,-0.00314242464190517
115,T001,575,-0.00604087217924587,-0.00314242464190517
116,T001,580,-0.00604087217924587,-0.0034644743688805
117,T001,585,-0.00668497163032762,-0.00378652409570475
118,T001,590,-0.00571882245347863,-0.0034644743688805
119,T001,595,-0.00539677272756046,-0.0034644743688805
120,T001,600,-0.00539677272756046,-0.0034644743688805
121,T001,605,-0.00539677272756046,-0.00314242464190517
122,T001,610,-0.00571882245347863,-0.0034644743688805
123,T001,615,-0.00571882245347863,0.00362061965951331
124,T001,620,-0.00539677272756046,-0.00378652409570475
125,T001,625,-0.00571882245347863,-0.0034644743688805
126,T001,630,-0.00539677272756046,-0.00314242464190517
127,T001,635,-0.00636292190486219,-0.0034644743688805
128,T001,640,-0.00571882245347863,0.00362061965951331
129,T001,645,-0.00539677272756046,-0.0034644743688805
130,T001,650,-0.00571882245347863,-0.0034644743688805
131,T001,655,-0.00636292190486219,-0.0034644743688805
132,T001,660,-0.00571882245347863,-0.00378652409570475
133,T001,665,-0.00571882245347863,0.00329856992936049
134,T001,670,-0.00539677272756046,-0.0034644743688805
135,T001,675,-0.00571882245347863,-0.0034644743688805
136,T001,680,-0.00539677272756046,-0.0034644743688805
137,T001,685,-0.00571882245347863,-0.00668497163032762
138,T001,690,-0.00571882245347863,-0.0034644743688805
139,T001,695,-0.00539677272756046,-0.00443062354890007
140,T001,700,-0.00571882245347863,-0.0034644743688805
141,T001,705,-0.00571882245347863,-0.0034644743688805
142,T001,710,-0.00636292190486219,-0.00410857382237793
143,T001,715,-0.00539677272756046,-0.00443062354890007
144,T001,720,-0.00571882245347863,-0.00314242464190517
145,T001,725,-0.00571882245347863,-0.0034644743688805
146,T001,730,-0.00571882245347863,-0.00314242464190517
147,T001,735,-0.00571882245347863,-0.0034644743688805
148,T001,740,-0.00636292190486219,-0.00443062354890007
149,T001,745,-0.00539677272756046,-0.00314242464190517
150,T001,750,-0.00539677272756046,-0.00378652409570475
151,T001,755,-0.00571882245347863,-0.0034644743688805
152,T001,760,-0.00571882245347863,-0.00314242464190517
153,T001,765,-0.00539677272756046,-0.00378652409570475
154,T001,770,-0.00668497163032762,-0.0034644743688805
155,T001,775,-0.00571882245347863,-0.00314242464190517
156,T001,780,-0.00539677272756046,-0.00314242464190517
157,T001,785,-0.00571882245347863,-0.0034644743688805
158,T001,790,-0.00732907108080585,-0.00507472300149132
159,T001,795,-0.00539677272756046,-0.00378652409570475
160,T001,800,-0.00604087217924587,-0.0034644743688805
161,T001,805,-0.00539677272756046,-0.0034644743688805
162,T001,810,-0.00539677272756046,-0.00378652409570475
163,T001,815,-0.00604087217924587,-0.0034644743688805
164,T001,820,-0.00571882245347863,-0.0034644743688805
165,T001,825,-0.00571882245347863,-0.0034644743688805
166,T001,830,-0.00539677272756046,-0.0034644743688805
167,T001,835,-0.00571882245347863,-0.00378652409570475
168,T001,840,-0.00539677272756046,-0.0034644743688805
169,T001,845,-0.00571882245347863,-0.0034644743688805
170,T001,850,-0.00539677272756046,-0.00314242464190517
171,T001,855,-0.00539677272756046,-0.00378652409570475
172,T001,860,-0.00604087217924587,-0.0034644743688805
173,T001,865,-0.00571882245347863,-0.0034644743688805
174,T001,870,-0.00539677272756046,0.00362061965951331
175,T001,875,-0.00539677272756046,-0.00314242464190517
176,T001,880,-0.00539677272756046,-0.00314242464190517
177,T001,885,-0.00571882245347863,-0.00314242464190517
178,T001,890,-0.00604087217924587,-0.00378652409570475
179,T001,895,-0.00571882245347863,0.00329856992936049
180,T001,900,-0.00604087217924587,-0.0034644743688805
181,T001,905,-0.00571882245347863,-0.0034644743688805
182,T001,910,-0.00571882245347863,-0.0034644743688805
183,T001,915,-0.00604087217924587,-0.00378652409570475
184,T001,920,-0.00539677272756046,-0.0034644743688805
185,T001,925,-0.00604087217924587,0.00362061965951331
186,T001,930,-0.00571882245347863,-0.0034644743688805
187,T001,935,-0.00539677272756046,-0.0034644743688805
188,T001,940,-0.00571882245347863,-0.0034644743688805
189,T001,945,-0.00571882245347863,-0.0034644743688805
190,T001,950,-0.00539677272756046,-0.00314242464190517
191,T001,955,-0.00604087217924587,-0.0034644743688805
192,T001,960,-0.00571882245347863,0.00329856992936049
193,T001,965,-0.00604087217924587,-0.00539677272756046
194,T001,970,-0.00604087217924587,-0.0034644743688805
195,T001,975,-0.00604087217924587,-0.0034644743688805
196,T001,980,-0.00539677272756046,-0.0034644743688805
197,T001,985,-0.00571882245347863,0.00329856992936049
198,T001,990,-0.00539677272756046,-0.00314242464190517
199,T001,995,-0.00571882245347863,-0.00314242464190517
200,T001,1000,-0.00571882245347863,-0.00378652409570475
201,T001,1005,-0.00539677272756046,-0.0034644743688805
202,T001,1010,-0.00539677272756046,-0.0034644743688805
203,T001,1015,-0.00604087217924587,-0.00378652409570475
204,T001,1020,-0.00571882245347863,-0.00378652409570475
205,T001,1025,-0.00539677272756046,-0.0034644743688805
206,T001,1030,-0.00539677272756046,-0.00314242464190517
207,T001,1035,-0.00636292190486219,-0.0047526732752712
208,T001,1040,-0.00604087217924587,-0.0034644743688805
209,T001,1045,-0.00539677272756046,-0.0034644743688805
210,T001,1050,-0.00539677272756046,-0.00378652409570475
211,T001,1055,-0.00571882245347863,-0.0034644743688805
212,T001,1060,-0.00571882245347863,-0.00314242464190517
213,T001,1065,-0.00539677272756046,-0.0034644743688805
214,T001,1070,-0.00571882245347863,-0.0034644743688805
215,T001,1075,-0.00571882245347863,-0.0034644743688805
216,T001,1080,-0.00539677272756046,-0.0034644743688805
217,T001,1085,-0.00539677272756046,-0.0034644743688805
218,T001,1090,-0.00571882245347863,-0.0034644743688805
219,T001,1095,-0.00539677272756046,-0.00539677272756046
220,T001,1100,-0.00539677272756046,-0.0034644743688805
221,T001,1105,-0.00571882245347863,-0.0034644743688805
222,T001,1110,-0.00571882245347863,-0.0034644743688805
223,T001,1115,-0.00604087217924587,-0.00314242464190517
224,T001,1120,-0.00571882245347863,-0.00443062354890007
225,T001,1125,-0.00604087217924587,-0.00314242464190517
226,T001,1130,-0.00539677272756046,-0.0034644743688805
227,T001,1135,-0.00539677272756046,-0.00410857382237793
228,T001,1140,-0.00604087217924587,-0.0034644743688805
229,T001,1145,-0.00571882245347863,0.00362061965951331
230,T001,1150,-0.00539677272756046,-0.00314242464190517
231,T001,1155,-0.00539677272756046,-0.0034644743688805
232,T001,1160,-0.00571882245347863,-0.0034644743688805
233,T001,1165,-0.00571882245347863,-0.00410857382237793
234,T001,1170,-0.00604087217924587,-0.00410857382237793
235,T001,1175,-0.00571882245347863,-0.0034644743688805
236,T001,1180,-0.00539677272756046,-0.00314242464190517
237,T001,1185,-0.00571882245347863,-0.0034644743688805
238,T001,1190,-0.00539677272756046,-0.00571882245347863
239,T001,1195,-0.00571882245347863,-0.0034644743688805
240,T001,1200,-0.00571882245347863,-0.0034644743688805
241,T001,1205,-0.00539677272756046,-0.0034644743688805
242,T001,1210,-0.00604087217924587,-0.0034644743688805
243,T001,1215,-0.00604087217924587,-0.0034644743688805
244,T001,1220,-0.00636292190486219,-0.00443062354890007
245,T001,1225,-0.00571882245347863,0.00394266938981766
246,T001,1230,-0.00539677272756046,-0.00378652409570475
247,T001,1235,-0.00571882245347863,-0.00314242464190517
248,T001,1240,-0.00571882245347863,-0.0034644743688805
249,T001,1245,-0.00539677272756046,-0.0034644743688805
250,T001,1250,-0.00539677272756046,-0.0034644743688805
251,T001,1255,-0.00571882245347863,-0.00410857382237793
252,T001,1260,-0.00700702135564216,-0.0034644743688805
253,T001,1265,-0.00539677272756046,-0.0034644743688805
254,T001,1270,-0.00571882245347863,-0.00314242464190517
255,T001,1275,-0.00539677272756046,-0.0034644743688805
256,T001,1280,-0.00571882245347863,-0.0034644743688805
257,T001,1285,-0.00571882245347863,-0.0034644743688805
258,T001,1290,-0.00604087217924587,-0.0034644743688805
259,T001,1295,-0.00539677272756046,-0.00378652409570475
260,T001,1300,-0.00571882245347863,-0.00314242464190517
261,T001,1305,-0.00539677272756046,0.00329856992936049
262,T001,1310,-0.00571882245347863,-0.0034644743688805
263,T001,1315,-0.00571882245347863,-0.0034644743688805
264,T001,1320,-0.00539677272756046,-0.0034644743688805
265,T001,1325,-0.00604087217924587,-0.0034644743688805
266,T001,1330,-0.00571882245347863,-0.00378652409570475
267,T001,1335,-0.00539677272756046,-0.00314242464190517
268,T001,1340,-0.00571882245347863,-0.0034644743688805
269,T001,1345,-0.00571882245347863,-0.0047526732752712
270,T001,1350,-0.00571882245347863,-0.0034644743688805
271,T001,1355,-0.00539677272756046,-0.0034644743688805
272,T001,1360,-0.00700702135564216,-0.00410857382237793
273,T001,1365,-0.00571882245347863,-0.0034644743688805
274,T001,1370,-0.00571882245347863,-0.0034644743688805
275,T001,1375,-0.00571882245347863,-0.00378652409570475
276,T001,1380,-0.00571882245347863,-0.0034644743688805
277,T001,1385,-0.00539677272756046,-0.0034644743688805
278,T001,1390,-0.00539677272756046,-0.00378652409570475
279,T001,1395,-0.00571882245347863,-0.00314242464190517
280,T001,1400,-0.00539677272756046,-0.0034644743688805
281,T001,1405,-0.00571882245347863,-0.0034644743688805
282,T001,1410,-0.00539677272756046,-0.00314242464190517
283,T001,1415,-0.00571882245347863,-0.00314242464190517
284,T001,1420,-0.00700702135564216,-0.00378652409570475
285,T001,1425,-0.00571882245347863,-0.00314242464190517
286,T001,1430,-0.00571882245347863,-0.00314242464190517
287,T001,1435,-0.00539677272756046,-0.00314242464190517
288,T001,1440,-0.00539677272756046,-0.0034644743688805
289,T001,1445,-0.00571882245347863,-0.00314242464190517
290,T001,1450,-0.00571882245347863,-0.00314242464190517
291,T001,1455,-0.00604087217924587,-0.0034644743688805
292,T001,1460,-0.00539677272756046,-0.00314242464190517
293,T001,1465,-0.00571882245347863,-0.0047526732752712
294,T001,1470,-0.00604087217924587,-0.00410857382237793
295,T001,1475,-0.00571882245347863,-0.0034644743688805
296,T001,1480,-0.00604087217924587,-0.0034644743688805
297,T001,1485,-0.00571882245347863,-0.0034644743688805
298,T001,1490,-0.00636292190486219,-0.00443062354890007
299,T001,1495,-0.00539677272756046,-0.0034644743688805
300,T001,1500,-0.00571882245347863,-0.0034644743688805
301,T001,1505,-0.00571882245347863,-0.0034644743688805
302,T001,1510,-0.00604087217924587,-0.0034644743688805
303,T001,1515,-0.00604087217924587,-0.00314242464190517
304,T001,1520,-0.00636292190486219,-0.0034644743688805
305,T001,1525,-0.00636292190486219,-0.00378652409570475
306,T001,1530,-0.00571882245347863,-0.0034644743688805
307,T001,1535,-0.00636292190486219,-0.00507472300149132
308,T001,1540,-0.00604087217924587,-0.0034644743688805
309,T001,1545,-0.00539677272756046,-0.0034644743688805
310,T001,1550,-0.00604087217924587,-0.0034644743688805
311,T001,1555,-0.00539677272756046,-0.00314242464190517
312,T001,1560,-0.00571882245347863,-0.0034644743688805
313,T001,1565,-0.00604087217924587,-0.0034644743688805
314,T001,1570,-0.00539677272756046,-0.0034644743688805
315,T001,1575,-0.00571882245347863,-0.00378652409570475
316,T001,1580,-0.00571882245347863,-0.00314242464190517
317,T001,1585,-0.00571882245347863,-0.0034644743688805
318,T001,1590,-0.00571882245347863,-0.0034644743688805
319,T001,1595,-0.00571882245347863,-0.00314242464190517
320,T001,1600,-0.00571882245347863,-0.0034644743688805
321,T001,1605,-0.00571882245347863,-0.00571882245347863
322,T001,1610,-0.00604087217924587,-0.00410857382237793
323,T001,1615,-0.00604087217924587,-0.00314242464190517
324,T001,1620,-0.00571882245347863,-0.0034644743688805
325,T001,1625,-0.00571882245347863,-0.00378652409570475
326,T001,1630,-0.00539677272756046,-0.0034644743688805
327,T001,1635,-0.00539677272756046,-0.00378652409570475
328,T001,1640,-0.00604087217924587,-0.0034644743688805
329,T001,1645,-0.00539677272756046,-0.00314242464190517
330,T001,1650,-0.00571882245347863,-0.0034644743688805
331,T001,1655,-0.00539677272756046,0.00426471912027356
332,T001,1660,-0.00571882245347863,-0.0034644743688805
333,T001,1665,-0.00539677272756046,-0.00314242464190517
334,T001,1670,-0.00571882245347863,0.00329856992936049
335,T001,1675,-0.00604087217924587,-0.00314242464190517
336,T001,1680,-0.00571882245347863,-0.0034644743688805
337,T001,1685,-0.00539677272756046,-0.00378652409570475
338,T001,1690,-0.00636292190486219,-0.0034644743688805
339,T001,1695,-0.00668497163032762,-0.00410857382237793
340,T001,1700,-0.00636292190486219,-0.00443062354890007
341,T001,1705,-0.00539677272756046,-0.0034644743688805
342,T001,1710,-0.00539677272756046,-0.0034644743688805
343,T001,1715,-0.00571882245347863,-0.0034644743688805
344,T001,1720,-0.00539677272756046,-0.00314242464190517
345,T001,1725,-0.00571882245347863,-0.0034644743688805
346,T001,1730,-0.00571882245347863,-0.00314242464190517
347,T001,1735,-0.00539677272756046,-0.00378652409570475
348,T001,1740,-0.00604087217924587,-0.00314242464190517
349,T001,1745,-0.00539677272756046,-0.00314242464190517
350,T001,1750,-0.00571882245347863,-0.00378652409570475
351,T001,1755,-0.00539677272756046,-0.00314242464190517
352,T001,1760,-0.00604087217924587,-0.00378652409570475
353,T001,1765,-0.00539677272756046,-0.00314242464190517
354,T001,1770,-0.00571882245347863,-0.0034644743688805
355,T001,1775,-0.00571882245347863,-0.00314242464190517
356,T001,1780,-0.00604087217924587,-0.0034644743688805
357,T001,1785,-0.00571882245347863,-0.0034644743688805
358,T001,1790,-0.00571882245347863,-0.00378652409570475
359,T001,1795,-0.00668497163032762,-0.00443062354890007
360,T001,1800,-0.00636292190486219,-0.00378652409570475
361,T001,1805,-0.00571882245347863,-0.0034644743688805
362,T001,1810,-0.00571882245347863,-0.00314242464190517
363,T001,1815,-0.00539677272756046,-0.00314242464190517
364,T001,1820,-0.00539677272756046,-0.00378652409570475
365,T001,1825,-0.00539677272756046,-0.0034644743688805
366,T001,1830,-0.00571882245347863,0.00362061965951331
367,T001,1835,-0.00732907108080585,-0.00378652409570475
368,T001,1840,-0.00539677272756046,0.00362061965951331
369,T001,1845,-0.00732907108080585,-0.0034644743688805
370,T001,1850,-0.00604087217924587,-0.00378652409570475
371,T001,1855,-0.00539677272756046,-0.00507472300149132
372,T001,1860,-0.00636292190486219,-0.00410857382237793
373,T001,1865,-0.00571882245347863,-0.00507472300149132
374,T001,1870,-0.00571882245347863,-0.00314242464190517
375,T001,1875,-0.00539677272756046,-0.00539677272756046
376,T001,1880,-0.00571882245347863,-0.0034644743688805
377,T001,1885,-0.00604087217924587,-0.00378652409570475
378,T001,1890,-0.00539677272756046,-0.00314242464190517
379,T001,1895,-0.00700702135564216,-0.0034644743688805
380,T001,1900,-0.00571882245347863,-0.0034644743688805
381,T001,1905,-0.00539677272756046,0.00362061965951331
382,T001,1910,-0.00571882245347863,-0.0034644743688805
383,T001,1915,-0.00636292190486219,-0.00314242464190517
384,T001,1920,-0.00604087217924587,-0.0034644743688805
385,T001,1925,-0.00571882245347863,-0.0034644743688805
386,T001,1930,-0.00571882245347863,-0.00378652409570475
387,T001,1935,-0.00539677272756046,-0.00314242464190517
388,T001,1940,-0.00571882245347863,-0.0034644743688805
389,T001,1945,-0.00539677272756046,-0.00314242464190517
390,T001,1950,-0.00539677272756046,-0.00378652409570475
391,T001,1955,-0.00604087217924587,-0.0034644743688805
392,T001,1960,-0.00571882245347863,-0.00314242464190517
393,T001,1965,0.00555291804361314,-0.0034644743688805
394,T001,1970,-0.00604087217924587,-0.0034644743688805
395,T001,1975,-0.00539677272756046,-0.00378652409570475
396,T001,1980,-0.00539677272756046,-0.00378652409570475
397,T001,1985,-0.00604087217924587,-0.0034644743688805
398,T001,1990,-0.00636292190486219,-0.0034644743688805
399,T001,1995,-0.00571882245347863,-0.00378652409570475
400,T001,2000,-0.00571882245347863,-0.0034644743688805
401,T001,2005,-0.00668497163032762,-0.00443062354890007
402,T001,2010,-0.00636292190486219,-0.00378652409570475
403,T001,2015,-0.00571882245347863,-0.00410857382237793
404,T001,2020,-0.00539677272756046,-0.0034644743688805
405,T001,2025,-0.00604087217924587,-0.0034644743688805
406,T001,2030,-0.00732907108080585,-0.00410857382237793
407,T001,2035,-0.00604087217924587,0.00394266938981766
408,T001,2040,-0.00604087217924587,-0.0034644743688805
409,T001,2045,-0.00539677272756046,-0.0034644743688805
410,T001,2050,-0.00571882245347863,-0.00378652409570475
411,T001,2055,-0.00604087217924587,-0.00378652409570475
412,T001,2060,-0.00571882245347863,-0.00378652409570475
413,T001,2065,-0.00604087217924587,0.00362061965951331
414,T001,2070,-0.00571882245347863,-0.0034644743688805
415,T001,2075,-0.00668497163032762,-0.00507472300149132
416,T001,2080,-0.00571882245347863,-0.0034644743688805
417,T001,2085,-0.00571882245347863,-0.0034644743688805
418,T001,2090,-0.00539677272756046,-0.0034644743688805
419,T001,2095,-0.00732907108080585,-0.0034644743688805
420,T001,2100,-0.00571882245347863,-0.0034644743688805
421,T001,2105,-0.00571882245347863,-0.00314242464190517
422,T001,2110,-0.00539677272756046,-0.00314242464190517
423,T001,2115,-0.00539677272756046,-0.0034644743688805
424,T001,2120,-0.00571882245347863,-0.00410857382237793
425,T001,2125,-0.00636292190486219,-0.0034644743688805
426,T001,2130,-0.00604087217924587,-0.00443062354890007
427,T001,2135,-0.00571882245347863,-0.00314242464190517
428,T001,2140,-0.00539677272756046,-0.00410857382237793
429,T001,2145,-0.00571882245347863,-0.00314242464190517
430,T001,2150,-0.00571882245347863,-0.0034644743688805
431,T001,2155,-0.00571882245347863,-0.00314242464190517
432,T001,2160,-0.00571882245347863,-0.0034644743688805
433,T001,2165,-0.00571882245347863,-0.0034644743688805
434,T001,2170,-0.00539677272756046,-0.0034644743688805
435,T001,2175,-0.00571882245347863,-0.0034644743688805
436,T001,2180,-0.00539677272756046,-0.00314242464190517
437,T001,2185,-0.00571882245347863,-0.0034644743688805
438,T001,2190,-0.00604087217924587,-0.00314242464190517
439,T001,2195,-0.00604087217924587,-0.0034644743688805
440,T001,2200,-0.00604087217924587,-0.00410857382237793
441,T001,2205,-0.00539677272756046,0.00362061965951331
442,T001,2210,-0.00571882245347863,-0.00314242464190517
443,T001,2215,-0.00604087217924587,-0.0034644743688805
444,T001,2220,-0.00571882245347863,0.00362061965951331
445,T001,2225,-0.00571882245347863,-0.0034644743688805
446,T001,2230,-0.00571882245347863,-0.00410857382237793
447,T001,2235,-0.00668497163032762,-0.00314242464190517
448,T001,2240,-0.00604087217924587,-0.00410857382237793
449,T001,2245,-0.00539677272756046,-0.00314242464190517
450,T001,2250,-0.00539677272756046,-0.00314242464190517
451,T001,2255,-0.00539677272756046,-0.0034644743688805
452,T001,2260,-0.00732907108080585,-0.00443062354890007
453,T001,2265,-0.00571882245347863,-0.0034644743688805
454,T001,2270,-0.00571882245347863,-0.0034644743688805
455,T001,2275,-0.00539677272756046,-0.00314242464190517
456,T001,2280,-0.00539677272756046,0.00329856992936049
457,T001,2285,-0.00539677272756046,-0.0034644743688805
458,T001,2290,-0.00571882245347863,-0.00507472300149132
459,T001,2295,-0.00539677272756046,-0.0034644743688805
460,T001,2300,-0.00604087217924587,-0.00314242464190517
461,T001,2305,-0.00571882245347863,-0.00410857382237793
462,T001,2310,-0.00571882245347863,-0.0034644743688805
463,T001,2315,-0.00539677272756046,-0.00378652409570475
464,T001,2320,-0.00571882245347863,-0.0034644743688805
465,T001,2325,-0.00539677272756046,-0.0034644743688805
466,T001,2330,-0.00571882245347863,-0.0034644743688805
467,T001,2335,-0.00539677272756046,-0.0034644743688805
468,T001,2340,-0.00539677272756046,-0.00314242464190517
469,T001,2345,-0.00539677272756046,-0.0034644743688805
470,T001,2350,-0.00604087217924587,-0.0034644743688805
471,T001,2355,-0.00571882245347863,-0.00314242464190517
472,T001,2360,-0.00539677272756046,-0.0034644743688805
473,T001,2365,-0.00539677272756046,-0.00314242464190517
474,T001,2370,-0.00571882245347863,-0.00378652409570475
475,T001,2375,-0.00604087217924587,-0.0034644743688805
476,T001,2380,-0.00539677272756046,-0.0034644743688805
477,T001,2385,-0.00571882245347863,0.00362061965951331
478,T001,2390,-0.00571882245347863,-0.0047526732752712
479,T001,2395,-0.00571882245347863,-0.0034644743688805
480,T001,2400,-0.00604087217924587,-0.00378652409570475
481,T001,2405,-0.00539677272756046,-0.00314242464190517
482,T001,2410,-0.00539677272756046,-0.00378652409570475
483,T001,2415,-0.00539677272756046,-0.00314242464190517
484,T001,2420,-0.00539677272756046,-0.00314242464190517
485,T001,2425,-0.00604087217924587,-0.00539677272756046
486,T001,2430,-0.00571882245347863,0.00329856992936049
487,T001,2435,-0.00571882245347863,-0.0034644743688805
488,T001,2440,-0.00539677272756046,-0.00314242464190517
489,T001,2445,-0.00571882245347863,-0.00314242464190517
490,T001,2450,-0.00571882245347863,-0.0034644743688805
491,T001,2455,-0.00571882245347863,-0.00314242464190517
492,T001,2460,-0.00571882245347863,0.00362061965951331
493,T001,2465,-0.00571882245347863,-0.0034644743688805
494,T001,2470,-0.00700702135564216,-0.0047526732752712
495,T001,2475,-0.00539677272756046,-0.0034644743688805
496,T001,2480,-0.00604087217924587,-0.0034644743688805
497,T001,2485,-0.00571882245347863,-0.0034644743688805
498,T001,2490,-0.00732907108080585,-0.00410857382237793
499,T001,2495,-0.00539677272756046,-0.00314242464190517
500,T001,2500,-0.00571882245347863,-0.0034644743688805
501,T001,2505,-0.00571882245347863,-0.0034644743688805
502,T001,2510,-0.00539677272756046,0.00362061965951331
503,T001,2515,-0.00571882245347863,-0.00314242464190517
504,T001,2520,-0.00539677272756046,-0.0034644743688805
505,T001,2525,-0.00571882245347863,-0.00378652409570475
506,T001,2530,-0.00571882245347863,-0.0034644743688805
507,T001,2535,-0.00571882245347863,-0.00507472300149132
508,T001,2540,-0.00539677272756046,-0.00314242464190517
509,T001,2545,-0.00571882245347863,-0.0034644743688805
510,T001,2550,-0.00571882245347863,-0.00314242464190517
511,T001,2555,-0.00636292190486219,-0.0034644743688805
512,T001,2560,-0.00571882245347863,-0.0034644743688805
513,T001,2565,-0.00571882245347863,-0.00314242464190517
514,T001,2570,-0.00571882245347863,-0.00314242464190517
515,T001,2575,-0.00604087217924587,0.00329856992936049
516,T001,2580,-0.00604087217924587,-0.00314242464190517
517,T001,2585,-0.00571882245347863,-0.0034644743688805
518,T001,2590,-0.00539677272756046,-0.0034644743688805
519,T001,2595,-0.00539677272756046,0.00362061965951331
520,T001,2600,-0.00668497163032762,-0.00410857382237793
521,T001,2605,-0.00571882245347863,-0.0034644743688805
522,T001,2610,-0.00571882245347863,-0.0034644743688805
523,T001,2615,-0.00539677272756046,-0.00443062354890007
524,T001,2620,-0.00539677272756046,-0.00410857382237793
525,T001,2625,-0.00539677272756046,-0.0034644743688805
526,T001,2630,-0.00571882245347863,-0.0034644743688805
527,T001,2635,-0.00571882245347863,0.00329856992936049
528,T001,2640,-0.00539677272756046,-0.0034644743688805
529,T001,2645,-0.00571882245347863,-0.0034644743688805
530,T001,2650,-0.00636292190486219,0.00394266938981766
531,T001,2655,-0.00604087217924587,-0.00314242464190517
532,T001,2660,-0.00539677272756046,0.00394266938981766
533,T001,2665,-0.00571882245347863,-0.0034644743688805
534,T001,2670,-0.00604087217924587,-0.00378652409570475
535,T001,2675,-0.00571882245347863,-0.0034644743688805
536,T001,2680,-0.00571882245347863,-0.00314242464190517
537,T001,2685,-0.00571882245347863,-0.0034644743688805
538,T001,2690,-0.00604087217924587,-0.0034644743688805
539,T001,2695,-0.00571882245347863,-0.00378652409570475
540,T001,2700,-0.00604087217924587,-0.00314242464190517
541,T001,2705,-0.0076511208058187,-0.0034644743688805
542,T001,2710,-0.00539677272756046,-0.0034644743688805
543,T001,2715,-0.00571882245347863,-0.00314242464190517
544,T001,2720,-0.00571882245347863,-0.00314242464190517
545,T001,2725,-0.00571882245347863,-0.00443062354890007
546,T001,2730,-0.00539677272756046,-0.0034644743688805
547,T001,2735,-0.00539677272756046,-0.00314242464190517
548,T001,2740,-0.00571882245347863,-0.00314242464190517
549,T001,2745,-0.00604087217924587,-0.00410857382237793
550,T001,2750,-0.00668497163032762,-0.00410857382237793
551,T001,2755,-0.00571882245347863,-0.0034644743688805
552,T001,2760,-0.00668497163032762,-0.0034644743688805
553,T001,2765,-0.00604087217924587,-0.0034644743688805
554,T001,2770,-0.00571882245347863,-0.00314242464190517
555,T001,2775,-0.00604087217924587,-0.0034644743688805
556,T001,2780,-0.00539677272756046,-0.0034644743688805
557,T001,2785,-0.00539677272756046,0.00362061965951331
558,T001,2790,-0.00539677272756046,-0.0034644743688805
559,T001,2795,-0.00571882245347863,-0.0034644743688805
560,T001,2800,-0.00571882245347863,-0.0034644743688805
561,T001,2805,-0.00539677272756046,-0.00314242464190517
562,T001,2810,-0.00604087217924587,-0.00410857382237793
563,T001,2815,-0.00539677272756046,-0.0034644743688805
564,T001,2820,-0.00700702135564216,-0.00571882245347863
565,T001,2825,-0.00604087217924587,0.00362061965951331
566,T001,2830,-0.00539677272756046,-0.00314242464190517
567,T001,2835,-0.00571882245347863,-0.00378652409570475
568,T001,2840,-0.00604087217924587,-0.0034644743688805
569,T001,2845,-0.00539677272756046,-0.0034644743688805
570,T001,2850,-0.00571882245347863,-0.00314242464190517
571,T001,2855,-0.00604087217924587,-0.0034644743688805
572,T001,2860,-0.00571882245347863,-0.00314242464190517
573,T001,2865,-0.00571882245347863,-0.0034644743688805
574,T001,2870,-0.00539677272756046,0.00394266938981766
575,T001,2875,-0.00604087217924587,-0.00314242464190517
576,T001,2880,-0.00571882245347863,-0.00314242464190517
577,T001,2885,-0.00700702135564216,-0.00443062354890007
578,T001,2890,-0.00668497163032762,-0.0034644743688805
579,T001,2895,-0.00571882245347863,-0.00314242464190517
580,T001,2900,-0.00604087217924587,-0.0034644743688805
581,T001,2905,-0.00539677272756046,-0.0034644743688805
582,T001,2910,-0.00636292190486219,-0.00443062354890007
583,T001,2915,-0.00539677272756046,-0.0034644743688805
584,T001,2920,-0.00604087217924587,-0.0034644743688805
585,T001,2925,-0.00571882245347863,-0.00314242464190517
586,T001,2930,-0.00571882245347863,-0.00314242464190517
587,T001,2935,-0.00700702135564216,-0.00314242464190517
588,T001,2940,-0.00539677272756046,-0.00443062354890007
589,T001,2945,-0.00604087217924587,-0.0034644743688805
590,T001,2950,-0.00571882245347863,-0.00443062354890007
591,T001,2955,-0.00668497163032762,-0.00314242464190517
592,T001,2960,-0.00604087217924587,-0.00378652409570475
593,T001,2965,-0.00571882245347863,0.00362061965951331
594,T001,2970,-0.00539677272756046,-0.00443062354890007
595,T001,2975,-0.00571882245347863,-0.00314242464190517
596,T001,2980,-0.00571882245347863,-0.00378652409570475
597,T001,2985,-0.00571882245347863,-0.00314242464190517
598,T001,2990,-0.00539677272756046,-0.0034644743688805
599,T001,2995,-0.00571882245347863,-0.00314242464190517
600,T001,3000,-0.00539677272756046,-0.0034644743688805
601,T001,3005,-0.00539677272756046,-0.0034644743688805
602,T001,3010,-0.00539677272756046,-0.0034644743688805
603,T001,3015,-0.00571882245347863,0.00329856992936049
604,T001,3020,-0.00571882245347863,-0.00314242464190517
605,T001,3025,-0.00571882245347863,-0.00314242464190517
606,T001,3030,-0.00571882245347863,-0.0034644743688805
607,T001,3035,-0.00604087217924587,-0.00314242464190517
608,T001,3040,-0.00571882245347863,-0.00314242464190517
609,T001,3045,-0.00571882245347863,-0.00314242464190517
610,T001,3050,-0.00571882245347863,-0.00314242464190517
611,T001,3055,-0.00604087217924587,-0.0034644743688805
612,T001,3060,-0.00571882245347863,-0.00314242464190517
613,T001,3065,-0.00571882245347863,-0.00282037491477873
614,T001,3070,-0.00571882245347863,-0.00282037491477873
615,T001,3075,-0.00604087217924587,-0.00314242464190517
616,T001,3080,-0.00539677272756046,-0.00314242464190517
617,T001,3085,-0.00604087217924587,-0.0047526732752712
618,T001,3090,-0.00571882245347863,-0.00282037491477873
619,T001,3095,-0.00604087217924587,-0.00282037491477873
620,T001,3100,-0.00539677272756046,-0.00282037491477873
621,T001,3105,-0.00571882245347863,0.00329856992936049
622,T001,3110,-0.00539677272756046,-0.00410857382237793
623,T001,3115,-0.00604087217924587,-0.00378652409570475
624,T001,3120,-0.00668497163032762,0.00265447046950939
625,T001,3125,-0.00604087217924587,-0.00314242464190517
626,T001,3130,-0.00571882245347863,-0.00217627546007247
627,T001,3135,-0.00571882245347863,-0.00217627546007247
628,T001,3140,-0.00571882245347863,-0.00217627546007247
629,T001,3145,-0.00636292190486219,0.00362061965951331
630,T001,3150,-0.00604087217924587,-0.00314242464190517
631,T001,3155,-0.00571882245347863,-0.0018542257324926
632,T001,3160,-0.00571882245347863,-0.0034644743688805
633,T001,3165,-0.00571882245347863,-0.00282037491477873
634,T001,3170,-0.00604087217924587,0.00168832128086872
635,T001,3175,-0.00571882245347863,-0.00153217600476155
636,T001,3180,-0.00604087217924587,-0.00282037491477873
637,T001,3185,-0.00571882245347863,-0.00282037491477873
638,T001,3190,-0.00604087217924587,0.00201037101026417
639,T001,3195,-0.00636292190486219,-0.0034644743688805
640,T001,3200,-0.00700702135564216,0.00265447046950939
641,T001,3205,-0.00604087217924587,-0.00217627546007247
642,T001,3210,-0.00571882245347863,0.00394266938981766
643,T001,3215,-0.00668497163032762,0.00265447046950939
644,T001,3220,-0.00604087217924587,-0.0034644743688805
645,T001,3225,-0.00604087217924587,0.00362061965951331
646,T001,3230,-0.00571882245347863,0.00329856992936049
647,T001,3235,-0.00636292190486219,0.00394266938981766
648,T001,3240,-0.00668497163032762,0.00458676885088104
649,T001,3245,-0.00636292190486219,0.00490881858164012
650,T001,3250,-0.00636292190486219,0.00523086831255081
651,T001,3255,-0.00571882245347863,0.00555291804361314
652,T001,3260,-0.00604087217924587,0.00587496777482712
653,T001,3265,-0.00604087217924587,0.00619701750619279
654,T001,3270,-0.00604087217924587,0.00684111696937923
655,T001,3275,-0.00636292190486219,0.00748521643317263
656,T001,3280,-0.00604087217924587,0.00812931589757316
657,T001,3285,-0.00604087217924587,0.00877341536258096
658,T001,3290,-0.00604087217924587,0.00909546509531265
659,T001,3295,-0.00604087217924587,0.0100616142944191
660,T001,3300,-0.00604087217924587,0.0103836640277584
661,T001,3305,-0.00571882245347863,0.0113498132286883
662,T001,3310,-0.00604087217924587,0.011993912696735
663,T001,3315,-0.00604087217924587,0.0129600618999456
664,T001,3320,-0.00571882245347863,0.0136041613695133
665,T001,3325,-0.00571882245347863,0.0145703105750062
666,T001,3330,-0.00571882245347863,0.0158585095177946
667,T001,3335,-0.00700702135564216,0.0165026089901027
668,T001,3340,-0.00571882245347863,0.0177908079365472
669,T001,3345,-0.00636292190486219,0.018434907410684
670,T001,3350,-0.00571882245347863,0.0197231063607874
671,T001,3355,-0.00571882245347863,0.0206892555749668
672,T001,3360,-0.00636292190486219,0.0216554047905198
673,T001,3365,-0.00539677272756046,0.022621554007447
674,T001,3370,-0.0047526732752712,0.0242318027053807
675,T001,3375,-0.00507472300149132,0.0251979519259749
676,T001,3380,-0.0047526732752712,0.026486150888908
677,T001,3385,-0.00507472300149132,0.0280963995960169
678,T001,3390,-0.0047526732752712,0.0290625488221191
679,T001,3395,-0.00507472300149132,0.0306727975353529
680,T001,3400,-0.00443062354890007,0.0319609965086985
681,T001,3405,-0.00410857382237793,0.0332491954844974
682,T001,3410,-0.00410857382237793,0.0351814939527989
683,T001,3415,-0.00378652409570475,0.0364696929347372
684,T001,3420,0.00426471912027356,0.0384019914122538
685,T001,3425,-0.00378652409570475,0.0400122401477455
686,T001,3430,-0.00282037491477873,0.0419445386354129
687,T001,3435,-0.00282037491477873,0.0432327376302704
688,T001,3440,-0.00314242464190517,0.0445209366275928
689,T001,3445,-0.00378652409570475,0.046453235128201
690,T001,3450,0.00168832128086872,0.0487075833859298
691,T001,3455,-0.00282037491477873,0.0503178321460821
692,T001,3460,-0.00282037491477873,0.0535383296779774
693,T001,3465,-0.00217627546007247,0.0548265286950663
694,T001,3470,0.00329856992936049,0.0564367774699105
695,T001,3475,0.00362061965951331,0.0593352252743904
696,T001,3480,0.00362061965951331,0.061267523817688
697,T001,3485,0.00426471912027356,0.0631998223665731
698,T001,3490,0.00523086831255081,0.0660982702003867
699,T001,3495,0.00587496777482712,0.0677085190023918
700,T001,3500,0.00651906723771015,0.0702849170936931
701,T001,3505,0.00780726616529699,0.0725392654317597
702,T001,3510,0.00877341536258096,0.0744715640133262
703,T001,3515,0.0097395645612317,0.0764038626005103
704,T001,3520,0.0107057137612497,0.078980260725502
705,T001,3525,0.011993912696735,0.080590509558702
706,T001,3530,0.0129600618999456,0.0828448579317528
707,T001,3535,0.0139262111045254,0.085099206312476
708,T001,3540,0.0158585095177946,0.0873535547008787
709,T001,3545,0.0174687581997074,0.089285853325627
710,T001,3550,0.018434907410684,0.091218151956027
711,T001,3555,0.0200451560986946,0.093150450592083
712,T001,3560,0.0219774545293428,0.0947606994597868
713,T001,3565,0.0239097529654883,0.0963709483314241
714,T001,3570,0.0255200016664788,0.0979811972069973
715,T001,3575,0.0280963995960169,0.0999134958628844
716,T001,3580,0.0290625488221191,0.100879645192956
717,T001,3585,0.0316389467651321,0.102489894079564
718,T001,3590,0.0338932949733173,0.104100142970117
719,T001,3595,0.0364696929347372,0.105388342085403
720,T001,3600,0.0390460909059891,0.106998590983065
721,T001,3605,0.0403342898953053,0.10796474032356
722,T001,3610,0.0425886381325336,0.10796474032356
723,T001,3615,0.0458091356273814,0.109252939446434
724,T001,3620,0.0480634838829498,0.11054113857184
725,T001,3625,0.0509619316512244,0.110219088790251
726,T001,3630,0.0538603794320175,0.11054113857184
727,T001,3635,0.0564367774699105,0.111185238135493
728,T001,3640,0.059013175517717,0.111507287917557
729,T001,3645,0.0615895735754474,0.111185238135493
730,T001,3650,0.0644880214022694,0.111507287917557
731,T001,3655,0.0673864692416797,0.111185238135493
732,T001,3660,0.0702849170936931,0.110863188353588
733,T001,3665,0.0725392654317597,0.109897039008821
734,T001,3670,0.0754377133062158,0.109252939446434
735,T001,3675,0.0780141114274582,0.108930889665478
736,T001,3680,0.0809125593258112,0.106998590983065
737,T001,3685,0.0831669076999576,0.106354491423526
738,T001,3690,0.0860653556208507,0.104100142970117
739,T001,3695,0.0889638035544433,0.103133993635312
740,T001,3700,0.0905740524119321,0.100235545639417
741,T001,3705,0.093150450592083,0.0986252967583293
742,T001,3710,0.095726848782297,0.0963709483314241
743,T001,3715,0.0979811972069973,0.0937945501386927
744,T001,3720,0.0995914460865092,0.0905740524119321
745,T001,3725,0.100879645192956,0.0873535547008787
746,T001,3730,0.102811943857359,0.0838110072368372
747,T001,3735,0.104422192748702,0.0799464100249528
748,T001,3740,0.106032441643994,0.0764038626005103
749,T001,3745,0.107642690543237,0.0722172156687112
750,T001,3750,0.10796474032356,0.0677085190023918
751,T001,3755,0.108930889665478,0.0622336730914319
752,T001,3760,0.109574989227548,0.0574029267366756
753,T001,3765,0.110863188353588,0.0522501306633639
754,T001,3770,0.111185238135493,0.046453235128201
755,T001,3775,0.11182933769978,0.040656339643019
756,T001,3780,0.1124734372647,0.0351814939527989
757,T001,3785,0.112795487047398,0.0287404990799319
758,T001,3790,0.11182933769978,0.022621554007447
759,T001,3795,0.111507287917557,0.0165026089901027
760,T001,3800,0.110863188353588,0.0100616142944191
761,T001,3805,0.109574989227548,-0.00571882245347863
762,T001,3810,0.109252939446434,-0.0111936677710107
763,T001,3815,0.10796474032356,-0.0176346622065137
764,T001,3820,0.106676541203217,-0.023109507429453
765,T001,3825,0.105388342085403,-0.0330930486069383
766,T001,3830,0.102489894079564,-0.0359914960186806
767,T001,3835,0.100557595416108,-0.0414663410968299
768,T001,3840,0.0986252967583293,-0.0472632358386318
769,T001,3845,0.095726848782297,-0.0527380808284363
770,T001,3850,0.0925063510461023,-0.0578908760738988
771,T001,3855,0.089285853325627,-0.0636877706798773
772,T001,3860,0.0857433058512357,-0.0678744167545177
773,T001,3865,0.0818787086280777,-0.0720610628043182
774,T001,3870,0.0776920616617561,-0.0765697585225294
775,T001,3875,0.0731833649583246,-0.0804343548295798
776,T001,3880,0.0689967180467969,-0.0839769014258831
777,T001,3885,0.0631998223665731,-0.0871973983162873
778,T001,3890,0.0583690760048354,-0.0904178951921164
779,T001,3895,0.0522501306633639,-0.0936383920533908
780,T001,3900,0.0461311853777141,-0.0958927398476339
781,T001,3905,0.040656339643019,-0.0975029882677369
782,T001,3910,0.0345373944627511,-0.0994352863670727
783,T001,3915,0.0280963995960169,-0.101045534779199
784,T001,3920,0.0213333550518495,-0.102333733506292
785,T001,3925,0.0145703105750062,-0.10297783286897
786,T001,3930,0.00812931589757316,-0.103299882550092
787,T001,3935,-0.00797317053068073,-0.103621932231069
788,T001,3940,-0.0137700655524311,-0.102655783187703
789,T001,3945,-0.0205331096828817,-0.102333733506292
790,T001,3950,-0.0266520543153332,-0.101367584461189
791,T001,3955,-0.0330930486069383,-0.100079385732358
792,T001,3960,-0.0392119931286833,-0.0981470876347623
793,T001,3965,-0.0456529873040671,-0.0962147895319448
794,T001,3970,-0.0514498820111562,-0.0939604417387185
795,T001,3975,-0.0572467766702843,-0.091061994565535
796,T001,3980,-0.0620775221830073,-0.0875194480045257
797,T001,3985,-0.0672303173600371,-0.0839769014258831
798,T001,3990,-0.0720610628043182,-0.079468205754792
799,T001,3995,-0.0765697585225294,-0.0749595100550372
800,T001,4000,-0.0810784542120407,-0.0698067149344326
801,T001,4005,-0.0846210008051309,-0.0652980191730661
802,T001,4010,-0.0884855970683668,-0.0588570251782133
803,T001,4015,-0.091061994565535,-0.0533821802361886
804,T001,4020,-0.094282491423901,-0.046619136425251
805,T001,4025,-0.0962147895319448,-0.0398560925488975
806,T001,4030,-0.0981470876347623,-0.0330930486069383
807,T001,4035,-0.0997573360497878,-0.0263300045991835
808,T001,4040,-0.101045534779199,-0.0186008113666539
809,T001,4045,-0.101689634143035,-0.0115157174942151
810,T001,4050,-0.102011683824736,0.00523086831255081
811,T001,4055,-0.102011683824736,0.011993912696735
812,T001,4060,-0.101689634143035,0.0190790068854306
813,T001,4065,-0.100723485097063,0.0261641011479453
814,T001,4070,-0.0994352863670727,0.0345373944627511
815,T001,4075,-0.0981470876347623,0.040656339643019
816,T001,4080,-0.0955706901631778,0.0474193843805874
817,T001,4085,-0.0939604417387185,0.053216279924092
818,T001,4090,-0.0907399448788984,0.0596572750312188
819,T001,4095,-0.0878414976926185,0.064810071161582
820,T001,4100,-0.0839769014258831,0.0702849170936931
821,T001,4105,-0.0797902554465342,0.0747936137774666
822,T001,4110,-0.0756036094424735,0.0802684597917492
823,T001,4115,-0.0707728640224072,0.0847771565433313
824,T001,4120,-0.0649759694747227,0.0883197040125467
825,T001,4125,-0.0595011245803519,0.0921843012733477
826,T001,4130,-0.0533821802361886,0.0954047990079696
827,T001,4135,-0.0472632358386318,0.0976591474315677
828,T001,4140,-0.0395340428388648,0.100557595416108
829,T001,4145,-0.0327709988937768,0.102167844301927
830,T001,4150,-0.0253638554498363,0.103778093191691
831,T001,4155,-0.0179567119267106,0.104744242527444
832,T001,4160,-0.0102275186004938,0.105066292306345
833,T001,4165,0.00684111696937923,0.105066292306345
834,T001,4170,0.0152144100460959,0.105388342085403
835,T001,4175,0.022621554007447,0.104744242527444
836,T001,4180,0.0300286980495998,0.102811943857359
837,T001,4185,0.0380799416656167,0.101201694969962
838,T001,4190,0.0441988868780311,0.0995914460865092
839,T001,4195,0.0512839814040274,0.0963709483314241
840,T001,4200,0.0583690760048354,0.0934725003653092
841,T001,4205,0.0641659716431123,0.089285853325627
842,T001,4210,0.0699628673317354,0.0857433058512357
843,T001,4215,0.0751156635417632,0.0809125593258112
844,T001,4220,0.080590509558702,0.0744715640133262
845,T001,4225,0.0844551067743432,0.0686746682854621
846,T001,4230,0.0886417537834165,0.061911623333362
847,T001,4235,0.091218151956027,0.0554706282045395
848,T001,4240,0.0944386496859315,0.0477414341316914
849,T001,4245,0.0966929981062238,0.0403342898953053
850,T001,4250,0.0989473465342317,0.0322830462524181
851,T001,4255,0.100557595416108,0.0245538524454259
852,T001,4260,0.100879645192956,0.0161805592538725
853,T001,4265,0.101523744747126,0.00780726616529699
854,T001,4270,0.101523744747126,-0.00990546887668692
855,T001,4275,0.100879645192956,-0.0176346622065137
856,T001,4280,0.0999134958628844,-0.0260079548828841
857,T001,4285,0.0986252967583293,-0.0340591977455278
858,T001,4290,0.0973370976562956,-0.0414663410968299
859,T001,4295,0.0944386496859315,-0.0488734843694892
860,T001,4300,0.091218151956027,-0.0556365281586638
861,T001,4305,0.0889638035544433,-0.0623995718826759
862,T001,4310,0.0838110072368372,-0.0688405658451363
863,T001,4315,0.0793023104918292,-0.0739933609727838
864,T001,4320,0.0741495142493418,-0.0801123051381301
865,T001,4325,0.0683526185242831,-0.08429895111558
866,T001,4330,0.061911623333362,-0.0888076467560224
867,T001,4335,0.0557926779595083,-0.0917060939383715
868,T001,4340,0.0483855336343626,-0.0949265907938299
869,T001,4345,0.040656339643019,-0.0975029882677369
870,T001,4350,0.0332491954844974,-0.0994352863670727
871,T001,4355,0.0261641011479453,-0.101367584461189
872,T001,4360,0.0177908079365472,-0.102011683824736
873,T001,4365,0.00941751482819622,-0.103299882550092
874,T001,4370,-0.0076511208058187,-0.103299882550092
875,T001,4375,-0.0166685130450219,-0.10297783286897
876,T001,4380,-0.0247197560161898,-0.102333733506292
877,T001,4385,-0.032448949180466,-0.100723485097063
878,T001,4390,-0.0401781422587814,-0.0984691373180575
879,T001,4395,-0.0475852855450998,-0.0965368392161106
880,T001,4400,-0.0540262796433493,-0.0929942926822993
881,T001,4405,-0.0611113730831172,-0.0891296964435324
882,T001,4410,-0.0669082676625763,-0.0859091995618758
883,T001,4415,-0.0723831124994291,-0.0833328020460515
884,T001,4420,-0.0785020566786881,-0.0752815597488286
885,T001,4425,-0.0833328020460515,-0.0688405658451363
886,T001,4430,-0.0868753486279031,-0.0636877706798773
887,T001,4435,-0.0900958455051887,-0.0553144784558965
888,T001,4440,-0.0936383920533908,-0.0479073352514195
889,T001,4445,-0.0958927398476339,-0.0408222416781031
890,T001,4450,-0.0978250379513222,-0.032448949180466
891,T001,4455,-0.0994352863670727,-0.024397706299142
892,T001,4460,-0.100401435414783,-0.0157023638821779
893,T001,4465,-0.101045534779199,-0.00700702135564216
894,T001,4470,-0.101367584461189,0.011993912696735
895,T001,4475,-0.101367584461189,0.0203672058367544
896,T001,4480,-0.0997573360497878,0.0284184493378978
897,T001,4485,-0.0984691373180575,0.0367917426806057
898,T001,4490,-0.0962147895319448,0.0441988868780311
899,T001,4495,-0.0939604417387185,0.0519280809100971
900,T001,4500,-0.0900958455051887,0.0596572750312188
901,T001,4505,-0.0865532989393731,0.0657762204404523
902,T001,4510,-0.082044603284636,0.0718951659058185
903,T001,4515,-0.0772138579085011,0.0780141114274582
904,T001,4520,-0.0717390131090606,0.0828448579317528
905,T001,4525,-0.0656200688712623,0.0879976542418338
906,T001,4530,-0.0591790748793564,0.0918622515007503
907,T001,4535,-0.0520939814200922,0.095726848782297
908,T001,4540,-0.0443647884737443,0.0983032469825845
909,T001,4545,-0.0363135457303511,0.100879645192956
910,T001,4550,-0.0282623028938383,0.102811943857359
911,T001,4555,-0.0195669605254431,0.104422192748702
912,T001,4560,-0.0124818666629249,0.105388342085403
913,T001,4565,0.00684111696937923,0.105710391864619
914,T001,4570,0.0148923603104749,0.105710391864619
915,T001,4575,0.0242318027053807,0.105066292306345
916,T001,4580,0.0316389467651321,0.104100142970117
917,T001,4585,0.0403342898953053,0.102811943857359
918,T001,4590,0.0470973346296376,0.100235545639417
919,T001,4595,0.0545044789405619,0.0976591474315677
920,T001,4600,0.0609454740600838,0.0941165999122334
921,T001,4605,0.0673864692416797,0.0905740524119321
922,T001,4610,0.0731833649583246,0.0857433058512357
923,T001,4615,0.0786582109593311,0.0812346090930769
924,T001,4620,0.0831669076999576,0.0760818128355893
925,T001,4625,0.0873535547008787,0.0699628673317354
926,T001,4630,0.091218151956027,0.0631998223665731
927,T001,4635,0.0944386496859315,0.0574029267366756
928,T001,4640,0.0963709483314241,0.0493516828895274
929,T001,4645,0.0989473465342317,0.0419445386354129
930,T001,4650,0.100557595416108,0.0338932949733173
931,T001,4655,0.102167844301927,0.0258420514071356
932,T001,4660,0.102811943857359,0.0168246587264852
933,T001,4665,0.103133993635312,0.00909546509531265
934,T001,4670,0.103133993635312,-0.00958341915272936
935,T001,4675,0.102811943857359,-0.0173126124861666
936,T001,4680,0.101523744747126,-0.0266520543153332
937,T001,4685,0.0999134958628844,-0.0340591977455278
938,T001,4690,0.0979811972069973,-0.0421104405149621
939,T001,4695,0.0950827492337995,-0.0498396334862252
940,T001,4700,0.0918622515007503,-0.0569247269682556
941,T001,4705,0.0876756044712778,-0.0633657209807979
942,T001,4710,0.0831669076999576,-0.070128764630571
943,T001,4715,0.0793023104918292,-0.0759256591359719
944,T001,4720,0.0728613151949642,-0.0807564045208833
945,T001,4725,0.0664203199604766,-0.0862312492506974
946,T001,4730,0.0596572750312188,-0.0904178951921164
947,T001,4735,0.0525721804167852,-0.0936383920533908
948,T001,4740,0.0448429863773087,-0.0962147895319448
949,T001,4745,0.0367917426806057,-0.0984691373180575
950,T001,4750,0.0287404990799319,-0.100401435414783
951,T001,4755,0.0194010566230328,-0.101367584461189
952,T001,4760,0.0113498132286883,-0.102333733506292
953,T001,4765,-0.0076511208058187,-0.102333733506292
954,T001,4770,-0.0150582644395304,-0.101689634143035
955,T001,4775,-0.0237536068645971,-0.101045534779199
956,T001,4780,-0.0314828000396383,-0.100079385732358
957,T001,4785,-0.0395340428388648,-0.0975029882677369
958,T001,4790,-0.0469411861320155,-0.0952486404785765
959,T001,4795,-0.0540262796433493,-0.0917060939383715
960,T001,4800,-0.0601452239819004,-0.0878414976926185
961,T001,4805,-0.0665862179649684,-0.0833328020460515
962,T001,4810,-0.0717390131090606,-0.0791461560629036
963,T001,4815,-0.0768918082155884,-0.0736713112784061
964,T001,4820,-0.082044603284636,-0.0675523670573509
965,T001,4825,-0.0859091995618758,-0.0617554724831913
966,T001,4830,-0.0891296964435324,-0.0543483293467079
967,T001,4835,-0.0929942926822993,-0.046619136425251
968,T001,4840,-0.094282491423901,-0.0392119931286833
969,T001,4845,-0.0965368392161106,-0.0311607503257305
970,T001,4850,-0.0981470876347623,-0.0234315571470999
971,T001,4855,-0.0984691373180575,-0.0147362147179811
972,T001,4860,-0.0991132366842126,-0.00604087217924587
973,T001,4865,-0.0991132366842126,0.011993912696735
974,T001,4870,-0.0987911870012075,0.0203672058367544
975,T001,4875,-0.0978250379513222,0.0287404990799319
976,T001,4880,-0.0962147895319448,0.0367917426806057
977,T001,4885,-0.094282491423901,0.0445209366275928
978,T001,4890,-0.091061994565535,0.0519280809100971
979,T001,4895,-0.0878414976926185,0.0586911257611987
980,T001,4900,-0.08429895111558,0.0660982702003867
981,T001,4905,-0.079468205754792,0.0725392654317597
982,T001,4910,-0.0746374603610993,0.0780141114274582
983,T001,4915,-0.0688405658451363,0.0834889574683191
984,T001,4920,-0.0630436712815712,0.0886417537834165
985,T001,4925,-0.0566026772660792,0.0921843012733477
986,T001,4930,-0.0498396334862252,0.0963709483314241
987,T001,4935,-0.0414663410968299,0.0986252967583293
988,T001,4940,-0.0340591977455278,0.102167844301927
989,T001,4945,-0.0260079548828841,0.103456043413422
990,T001,4950,-0.0179567119267106,0.104744242527444
991,T001,4955,-0.00990546887668692,0.105710391864619
992,T001,4960,0.00812931589757316,0.106032441643994
993,T001,4965,0.0165026089901027,0.105710391864619
994,T001,4970,0.0251979519259749,0.105710391864619
995,T001,4975,0.0332491954844974,0.104422192748702
996,T001,4980,0.0403342898953053,0.103133993635312
997,T001,4985,0.0483855336343626,0.100557595416108
998,T001,4990,0.0557926779595083,0.0973370976562956
999,T001,4995,0.062555722849657,0.0941165999122334
1000,T001,5000,0.0683526185242831,0.0899299528684655
1001,T001,5005,0.0744715640133262,0.0857433058512357
1002,T001,5010,0.0793023104918292,0.080590509558702
1003,T001,5015,0.085099206312476,0.0747936137774666
1004,T001,5020,0.0889638035544433,0.0693187678082873
1005,T001,5025,0.093150450592083,0.0615895735754474
1006,T001,5030,0.0960488985567818,0.0554706282045395
1007,T001,5035,0.0986252967583293,0.0470973346296376
1008,T001,5040,0.101201694969962,0.0400122401477455
1009,T001,5045,0.102489894079564,0.0316389467651321
1010,T001,5050,0.103778093191691,0.0245538524454259
1011,T001,5055,0.104100142970117,0.0158585095177946
1012,T001,5060,0.105066292306345,0.00748521643317263
1013,T001,5065,0.104744242527444,-0.0102275186004938
1014,T001,5070,0.104422192748702,-0.0189228610864004
1015,T001,5075,0.103133993635312,-0.025685905166435
1016,T001,5080,0.101523744747126,-0.0334150983199506
1017,T001,5085,0.100235545639417,-0.0408222416781031
1018,T001,5090,0.0966929981062238,-0.0479073352514195
1019,T001,5095,0.0941165999122334,-0.0540262796433493
1020,T001,5100,0.0905740524119321,-0.060789323382859
1021,T001,5105,0.086709455160551,-0.0669082676625763
1022,T001,5110,0.0818787086280777,-0.0723831124994291
1023,T001,5115,0.0770479621308208,-0.0772138579085011
1024,T001,5120,0.0712510663805009,-0.0814005039030519
1025,T001,5125,0.0664203199604766,-0.0862312492506974
1026,T001,5130,0.060301374545341,-0.0897737958181156
1027,T001,5135,0.053216279924092,-0.094282491423901
1028,T001,5140,0.0467752848788422,-0.0965368392161106
1029,T001,5145,0.0396901904003395,-0.0994352863670727
1030,T001,5150,0.0335712452288307,-0.102011683824736
1031,T001,5155,0.0251979519259749,-0.103943981911901
1032,T001,5160,0.0181128576735393,-0.105554230313893
1033,T001,5165,0.011027763494893,-0.106520379353353
1034,T001,5170,0.00458676885088104,-0.107808578070609
1035,T001,5175,-0.0111936677710107,-0.108130627749562
1036,T001,5180,-0.0182787616467573,-0.109096776785555
1037,T001,5185,-0.0253638554498363,-0.109740876142162
1038,T001,5190,-0.0314828000396383,-0.109740876142162
1039,T001,5195,-0.0379237942864691,-0.109418826463931
1040,T001,5200,-0.0440427387657924,-0.109418826463931
1041,T001,5205,-0.0501616831915076,-0.108452677428371
1042,T001,5210,-0.0559585778612834,-0.108452677428371
1043,T001,5215,-0.060789323382859,-0.106842429032884
1044,T001,5220,-0.0656200688712623,-0.105232180633784
1045,T001,5225,-0.070128764630571,-0.104266031592589
1046,T001,5230,-0.0743154106670148,-0.102655783187703
1047,T001,5235,-0.078824106370869,-0.100723485097063
1048,T001,5240,-0.0826887026656358,-0.0987911870012075
1049,T001,5245,-0.0855871498729084,-0.0968588889001312
1050,T001,5250,-0.0884855970683668,-0.094282491423901
1051,T001,5255,-0.0917060939383715,-0.0917060939383715
1052,T001,5260,-0.0939604417387185,-0.0888076467560224
1053,T001,5265,-0.0962147895319448,-0.0859091995618758
1054,T001,5270,-0.0981470876347623,-0.0833328020460515
1055,T001,5275,-0.100079385732358,-0.0807564045208833
1056,T001,5280,-0.101367584461189,-0.0775359076012674
1057,T001,5285,-0.102333733506292,-0.0743154106670148
1058,T001,5290,-0.103621932231069,-0.0717390131090606
1059,T001,5295,-0.104266031592589,-0.0685185161484104
1060,T001,5300,-0.105232180633784,-0.0656200688712623
1061,T001,5305,-0.105876279993857,-0.0633657209807979
1062,T001,5310,-0.105554230313893,-0.0595011245803519
1063,T001,5315,-0.105876279993857,-0.0569247269682556
1064,T001,5320,-0.105554230313893,-0.0537042299398429
1065,T001,5325,-0.105232180633784,-0.0511278323064661
1066,T001,5330,-0.10491013095353,-0.0488734843694892
1067,T001,5335,-0.104266031592589,-0.0472632358386318
1068,T001,5340,-0.103299882550092,-0.0446868381815476
1069,T001,5345,-0.102011683824736,-0.0414663410968299
1070,T001,5350,-0.101045534779199,-0.0392119931286833
1071,T001,5355,-0.100401435414783,-0.0372796948644687
1072,T001,5360,-0.0984691373180575,-0.0353473965948926
1073,T001,5365,-0.0975029882677369,-0.0330930486069383
1074,T001,5370,-0.0965368392161106,-0.0314828000396383
1075,T001,5375,-0.094282491423901,-0.0295505017539512
1076,T001,5380,-0.0926722429965355,-0.0282623028938383
1077,T001,5385,-0.091384044252026,-0.0266520543153332
1078,T001,5390,-0.0888076467560224,-0.0250418057330879
1079,T001,5395,-0.0871973983162873,-0.0237536068645971
1080,T001,5400,-0.0855871498729084,-0.0227874577116562
1081,T001,5405,-0.08429895111558,-0.0211772091204241
1082,T001,5410,-0.081722553593917,-0.0202110599638855
1083,T001,5415,-0.0797902554465342,-0.0192449108059968
1084,T001,5420,-0.0778579572938873,-0.0179567119267106
1085,T001,5425,-0.0759256591359719,-0.0173126124861666
1086,T001,5430,-0.0739933609727838,-0.0160244136032761
1087,T001,5435,-0.0714169634136562,-0.0150582644395304
1088,T001,5440,-0.0694846652381474,-0.0147362147179811
1089,T001,5445,-0.0675523670573509,-0.0137700655524311
1090,T001,5450,-0.0659421185693115,-0.0150582644395304
1091,T001,5455,-0.0640098203788095,-0.0128039163855272
1092,T001,5460,-0.0614334227832279,-0.0118377672172689
1093,T001,5465,-0.0595011245803519,-0.0118377672172689
1094,T001,5470,-0.0578908760738988,-0.0111936677710107
1095,T001,5475,-0.0559585778612834,-0.0118377672172689
1096,T001,5480,-0.0546703790499186,-0.0102275186004938
1097,T001,5485,-0.0527380808284363,-0.0092613694286211
1098,T001,5490,-0.0511278323064661,-0.00861726997995243
1099,T001,5495,-0.049195534075216,-0.00861726997995243
1100,T001,5500,-0.0485514346636142,-0.00797317053068073
1101,T001,5505,-0.0459750370112767,0.00780726616529699
1102,T001,5510,-0.0456529873040671,-0.00797317053068073
1103,T001,5515,-0.0437206890576921,0.00780726616529699
1104,T001,5520,-0.0414663410968299,0.00780726616529699
1105,T001,5525,-0.0398560925488975,-0.00861726997995243
1106,T001,5530,-0.038889943418353,0.00780726616529699
1107,T001,5535,-0.0376017445755433,-0.00861726997995243
1108,T001,5540,-0.0363135457303511,0.00716316670120005
1109,T001,5545,-0.0353473965948926,0.00716316670120005
1110,T001,5550,-0.0340591977455278,0.00716316670120005
1111,T001,5555,-0.0330930486069383,0.00780726616529699
1112,T001,5560,-0.032126899467006,0.00716316670120005
1113,T001,5565,-0.0305166508974669,0.00748521643317263
1114,T001,5570,-0.0298725514686058,0.00684111696937923
1115,T001,5575,-0.0292284520391472,0.00716316670120005
1116,T001,5580,-0.0279402531784364,0.00716316670120005
1117,T001,5585,-0.0269741040313334,0.00651906723771015
1118,T001,5590,-0.0260079548828841,0.00684111696937923
1119,T001,5595,-0.025685905166435,0.00716316670120005
1120,T001,5600,-0.024397706299142,0.00651906723771015
1121,T001,5605,-0.0234315571470999,0.00716316670120005
1122,T001,5610,-0.0227874577116562,0.00651906723771015
1123,T001,5615,-0.0221433582756131,0.00619701750619279
1124,T001,5620,-0.0211772091204241,0.00651906723771015
1125,T001,5625,-0.0214992588389703,0.00619701750619279
1126,T001,5630,-0.0211772091204241,0.00651906723771015
1127,T001,5635,-0.0195669605254431,0.00587496777482712
1128,T001,5640,-0.0186008113666539,0.00587496777482712
1129,T001,5645,-0.0179567119267106,0.00651906723771015
1130,T001,5650,-0.0179567119267106,0.00587496777482712
1131,T001,5655,-0.0173126124861666,0.00587496777482712
1132,T001,5660,-0.0169905627656694,0.00587496777482712
1133,T001,5665,-0.0160244136032761,0.00587496777482712
1134,T001,5670,-0.0157023638821779,0.00619701750619279
1135,T001,5675,-0.0153803141609293,0.00555291804361314
1136,T001,5680,-0.0150582644395304,0.00555291804361314
1137,T001,5685,-0.0144141649962815,0.00555291804361314
1138,T001,5690,-0.0137700655524311,0.00587496777482712
1139,T001,5695,-0.0134480158302802,0.00619701750619279
1140,T001,5700,-0.0131259661079789,0.00619701750619279
1141,T001,5705,-0.0124818666629249,0.00587496777482712
1142,T001,5710,-0.0124818666629249,0.00619701750619279
1143,T001,5715,-0.0121598169401722,0.00587496777482712
1144,T001,5720,-0.0118377672172689,0.00651906723771015
1145,T001,5725,-0.0121598169401722,0.00651906723771015
1146,T001,5730,-0.0111936677710107,0.00651906723771015
1147,T001,5735,-0.0108716180476557,0.00651906723771015
1148,T001,5740,-0.0108716180476557,0.00684111696937923
1149,T001,5745,-0.0102275186004938,0.00748521643317263
1150,T001,5750,-0.00990546887668692,0.00780726616529699
1151,T001,5755,-0.00990546887668692,0.00684111696937923
1152,T001,5760,-0.00958341915272936,0.00651906723771015
1153,T001,5765,-0.0092613694286211,0.00684111696937923
1154,T001,5770,-0.00893931970436213,0.00684111696937923
1155,T001,5775,-0.00861726997995243,0.00716316670120005
1156,T001,5780,-0.00861726997995243,0.00716316670120005
1157,T001,5785,-0.00829522025539196,0.00716316670120005
1158,T001,5790,-0.00829522025539196,0.00748521643317263
1159,T001,5795,-0.00829522025539196,0.00716316670120005
1160,T001,5800,0.00845136563000114,0.00684111696937923
1161,T001,5805,-0.00797317053068073,0.00716316670120005
1162,T001,5810,0.00812931589757316,0.00716316670120005
1163,T001,5815,0.00780726616529699,0.00716316670120005
1164,T001,5820,0.00780726616529699,0.00716316670120005
1165,T001,5825,0.00780726616529699,0.00684111696937923
1166,T001,5830,0.00780726616529699,0.00716316670120005
1167,T001,5835,0.00780726616529699,0.00716316670120005
1168,T001,5840,0.00812931589757316,0.00716316670120005
1169,T001,5845,0.00748521643317263,0.00748521643317263
1170,T001,5850,0.00748521643317263,0.00716316670120005
1171,T001,5855,0.00780726616529699,0.00716316670120005
1172,T001,5860,0.00716316670120005,0.00716316670120005
1173,T001,5865,0.00716316670120005,0.00748521643317263
1174,T001,5870,0.00812931589757316,0.00716316670120005
1175,T001,5875,0.00748521643317263,0.00716316670120005
1176,T001,5880,0.00716316670120005,0.00716316670120005
1177,T001,5885,0.00748521643317263,0.00716316670120005
1178,T001,5890,0.00716316670120005,0.00716316670120005
1179,T001,5895,0.00716316670120005,0.00716316670120005
1180,T001,5900,0.00748521643317263,0.00716316670120005
1181,T001,5905,0.00748521643317263,0.00716316670120005
1182,T001,5910,0.00780726616529699,0.00716316670120005
1183,T001,5915,0.00748521643317263,0.00716316670120005
1184,T001,5920,0.00748521643317263,0.00716316670120005
1185,T001,5925,0.00716316670120005,0.00716316670120005
1186,T001,5930,0.00812931589757316,0.00716316670120005
1187,T001,5935,0.00780726616529699,0.00748521643317263
1188,T001,5940,0.00748521643317263,0.00716316670120005
1189,T001,5945,0.00812931589757316,0.00716316670120005
1190,T001,5950,0.00716316670120005,0.00716316670120005
1191,T001,5955,0.00748521643317263,0.00716316670120005
1192,T001,5960,0.00780726616529699,0.00748521643317263
1193,T001,5965,0.00748521643317263,0.00716316670120005
1194,T001,5970,0.00812931589757316,0.00716316670120005
1195,T001,5975,0.00780726616529699,0.00716316670120005
1196,T001,5980,0.00748521643317263,0.00716316670120005
1197,T001,5985,0.00748521643317263,0.00716316670120005
1198,T001,5990,0.00716316670120005,0.00716316670120005
1199,T001,5995,0.00716316670120005,0.00716316670120005
1200,T001,6000,0.00748521643317263,0.00716316670120005
1201,T001,6005,0.00780726616529699,0.00684111696937923
1202,T001,6010,0.00716316670120005,0.00716316670120005
1203,T001,6015,0.00748521643317263,0.00716316670120005
1204,T001,6020,0.00748521643317263,0.00716316670120005
1205,T001,6025,0.00716316670120005,0.00780726616529699
1206,T001,6030,0.00780726616529699,0.00716316670120005
1207,T001,6035,0.00748521643317263,0.00780726616529699
1208,T001,6040,0.00716316670120005,0.00748521643317263
1209,T001,6045,0.00748521643317263,0.00748521643317263
1210,T001,6050,0.00748521643317263,0.00748521643317263
1211,T001,6055,0.00716316670120005,0.00716316670120005
1212,T001,6060,0.00716316670120005,0.00748521643317263
1213,T001,6065,0.00748521643317263,0.00748521643317263
1214,T001,6070,0.00748521643317263,0.00780726616529699
1215,T001,6075,0.00716316670120005,0.00716316670120005
1216,T001,6080,0.00716316670120005,0.00716316670120005
1217,T001,6085,0.00716316670120005,0.00748521643317263
1218,T001,6090,0.00780726616529699,0.00716316670120005
1219,T001,6095,0.00716316670120005,0.00716316670120005
1220,T001,6100,0.00780726616529699,0.00748521643317263
1221,T001,6105,0.00748521643317263,0.00716316670120005
1222,T001,6110,0.00748521643317263,0.00748521643317263
1223,T001,6115,0.00716316670120005,0.00748521643317263
1224,T001,6120,0.00812931589757316,0.00748521643317263
1225,T001,6125,0.00748521643317263,0.00716316670120005
1226,T001,6130,0.00716316670120005,0.00748521643317263
1227,T001,6135,0.00812931589757316,0.00716316670120005
1228,T001,6140,0.00748521643317263,0.00716316670120005
1229,T001,6145,0.00748521643317263,0.00716316670120005
1230,T001,6150,0.00780726616529699,0.00716316670120005
1231,T001,6155,0.00748521643317263,0.00716316670120005
1232,T001,6160,0.00748521643317263,0.00716316670120005
1233,T001,6165,0.00716316670120005,0.00748521643317263
1234,T001,6170,0.00748521643317263,0.00716316670120005
1235,T001,6175,0.00748521643317263,0.00748521643317263
1236,T001,6180,0.00748521643317263,0.00684111696937923
1237,T001,6185,0.00748521643317263,0.00716316670120005
1238,T001,6190,0.00684111696937923,0.00716316670120005
1239,T001,6195,0.00780726616529699,0.00716316670120005
1240,T001,6200,0.00780726616529699,0.00780726616529699
1241,T001,6205,0.00748521643317263,0.00748521643317263
1242,T001,6210,0.00748521643317263,0.00748521643317263
1243,T001,6215,0.00780726616529699,0.00716316670120005
1244,T001,6220,0.00716316670120005,0.00716316670120005
1245,T001,6225,0.00748521643317263,0.00716316670120005
1246,T001,6230,0.00748521643317263,0.00716316670120005
1247,T001,6235,0.00716316670120005,0.00716316670120005
1248,T001,6240,0.00780726616529699,0.00716316670120005
1249,T001,6245,0.00748521643317263,0.00716316670120005
1250,T001,6250,0.00748521643317263,0.00716316670120005
1251,T001,6255,0.00716316670120005,0.00716316670120005
1252,T001,6260,0.00748521643317263,0.00716316670120005
1253,T001,6265,0.00748521643317263,0.00716316670120005
1254,T001,6270,0.00748521643317263,0.00716316670120005
1255,T001,6275,0.00716316670120005,0.00684111696937923
1256,T001,6280,0.00716316670120005,0.00716316670120005
1257,T001,6285,0.00716316670120005,0.00748521643317263
1258,T001,6290,0.00716316670120005,0.00748521643317263
1259,T001,6295,0.00748521643317263,0.00716316670120005
1260,T001,6300,0.00748521643317263,0.00684111696937923
1261,T001,6305,0.00716316670120005,0.00716316670120005
1262,T001,6310,0.00748521643317263,0.00716316670120005
1263,T001,6315,0.00780726616529699,0.00716316670120005
1264,T001,6320,0.00780726616529699,0.00716316670120005
1265,T001,6325,0.00716316670120005,0.00716316670120005
1266,T001,6330,0.00780726616529699,0.00716316670120005
1267,T001,6335,0.00716316670120005,0.00716316670120005
1268,T001,6340,0.00748521643317263,0.00716316670120005
1269,T001,6345,0.00812931589757316,0.00716316670120005
1270,T001,6350,0.00716316670120005,0.00684111696937923
1271,T001,6355,0.00780726616529699,0.00716316670120005
1272,T001,6360,0.00748521643317263,0.00716316670120005
1273,T001,6365,0.00780726616529699,0.00716316670120005
1274,T001,6370,0.00716316670120005,0.00812931589757316
1275,T001,6375,0.00780726616529699,0.00748521643317263
1276,T001,6380,0.00716316670120005,0.00716316670120005
1277,T001,6385,0.00748521643317263,0.00748521643317263
1278,T001,6390,0.00716316670120005,0.00748521643317263
1279,T001,6395,0.00716316670120005,0.00716316670120005
1280,T001,6400,0.00716316670120005,0.00748521643317263
1281,T001,6405,0.00748521643317263,0.00716316670120005
1282,T001,6410,0.00716316670120005,0.00716316670120005
1283,T001,6415,0.00716316670120005,0.00716316670120005
1284,T001,6420,0.00716316670120005,0.00748521643317263
1285,T001,6425,0.00748521643317263,0.00716316670120005
1286,T001,6430,0.00748521643317263,0.00716316670120005
1287,T001,6435,0.00812931589757316,0.00748521643317263
1288,T001,6440,0.00748521643317263,0.00716316670120005
1289,T001,6445,0.00780726616529699,0.00748521643317263
1290,T001,6450,0.00748521643317263,0.00716316670120005
1291,T001,6455,0.00716316670120005,0.00716316670120005
1292,T001,6460,0.00748521643317263,0.00716316670120005
1293,T001,6465,0.00716316670120005,0.00716316670120005
1294,T001,6470,0.00716316670120005,0.00748521643317263
1295,T001,6475,0.00780726616529699,0.00748521643317263
1296,T001,6480,0.00748521643317263,0.00716316670120005
1297,T001,6485,0.00748521643317263,0.00716316670120005
1298,T001,6490,0.00748521643317263,0.00716316670120005
1299,T001,6495,0.00748521643317263,0.00812931589757316
1300,T001,6500,0.00748521643317263,0.00748521643317263
1301,T001,6505,0.00748521643317263,0.00716316670120005
1302,T001,6510,0.00748521643317263,0.00716316670120005
1303,T001,6515,0.00748521643317263,0.00716316670120005
1304,T001,6520,0.00716316670120005,0.00684111696937923
1305,T001,6525,0.00780726616529699,0.00748521643317263
1306,T001,6530,0.00748521643317263,0.00748521643317263
1307,T001,6535,0.00780726616529699,0.00716316670120005
1308,T001,6540,0.00716316670120005,0.00716316670120005
1309,T001,6545,0.00748521643317263,0.00748521643317263
1310,T001,6550,0.00684111696937923,0.00780726616529699
1311,T001,6555,0.00716316670120005,0.00716316670120005
1312,T001,6560,0.00748521643317263,0.00716316670120005
1313,T001,6565,0.00716316670120005,0.00716316670120005
1314,T001,6570,0.00716316670120005,0.00716316670120005
1315,T001,6575,0.00780726616529699,0.00748521643317263
1316,T001,6580,0.00716316670120005,0.00716316670120005
1317,T001,6585,0.00748521643317263,0.00780726616529699
1318,T001,6590,0.00748521643317263,0.00716316670120005
1319,T001,6595,0.00716316670120005,0.00716316670120005
1320,T001,6600,0.00748521643317263,0.00716316670120005
1321,T001,6605,0.00812931589757316,0.00684111696937923
1322,T001,6610,0.00716316670120005,0.00716316670120005
1323,T001,6615,0.00748521643317263,0.00716316670120005
1324,T001,6620,0.00748521643317263,0.00716316670120005
1325,T001,6625,0.00748521643317263,0.00748521643317263
1326,T001,6630,0.00716316670120005,0.00716316670120005
1327,T001,6635,0.00748521643317263,0.00716316670120005
1328,T001,6640,0.00716316670120005,0.00716316670120005
1329,T001,6645,0.00716316670120005,0.00716316670120005
1330,T001,6650,0.00748521643317263,0.00716316670120005
1331,T001,6655,0.00716316670120005,0.00780726616529699
1332,T001,6660,0.00716316670120005,0.00716316670120005
1333,T001,6665,0.00716316670120005,0.00716316670120005
1334,T001,6670,0.00812931589757316,0.00716316670120005
1335,T001,6675,0.00748521643317263,0.00748521643317263
1336,T001,6680,0.00748521643317263,0.00748521643317263
1337,T001,6685,0.00716316670120005,0.00716316670120005
1338,T001,6690,0.00780726616529699,0.00716316670120005
1339,T001,6695,0.00748521643317263,0.00716316670120005
1340,T001,6700,0.00780726616529699,0.00684111696937923
1341,T001,6705,0.00748521643317263,0.00748521643317263
1342,T001,6710,0.00716316670120005,0.00716316670120005
1343,T001,6715,0.00716316670120005,0.00748521643317263
1344,T001,6720,0.00748521643317263,0.00716316670120005
1345,T001,6725,0.00716316670120005,0.00684111696937923
1346,T001,6730,0.00780726616529699,0.00748521643317263
1347,T001,6735,0.00812931589757316,0.00748521643317263
1348,T001,6740,0.00748521643317263,0.00716316670120005
1349,T001,6745,0.00748521643317263,0.00748521643317263
1350,T001,6750,0.00780726616529699,0.00748521643317263
1351,T001,6755,0.00748521643317263,0.00780726616529699
1352,T001,6760,0.00780726616529699,0.00716316670120005
1353,T001,6765,0.00780726616529699,0.00780726616529699
1354,T001,6770,0.00716316670120005,0.00716316670120005
1355,T001,6775,0.00716316670120005,0.00716316670120005
1356,T001,6780,0.00716316670120005,0.00780726616529699
1357,T001,6785,0.00716316670120005,0.00716316670120005
1358,T001,6790,0.00780726616529699,0.00748521643317263
1359,T001,6795,0.00748521643317263,0.00748521643317263
1360,T001,6800,0.00780726616529699,0.00716316670120005
1361,T001,6805,0.00748521643317263,0.00716316670120005
1362,T001,6810,0.00780726616529699,0.00812931589757316
1363,T001,6815,0.00716316670120005,0.00716316670120005
1364,T001,6820,0.00748521643317263,0.00716316670120005
1365,T001,6825,0.00748521643317263,0.00748521643317263
1366,T001,6830,0.00780726616529699,0.00748521643317263
1367,T001,6835,0.00684111696937923,0.00780726616529699
1368,T001,6840,0.00748521643317263,0.00716316670120005
1369,T001,6845,0.00748521643317263,0.00716316670120005
1370,T001,6850,0.00748521643317263,0.00780726616529699
1371,T001,6855,0.00812931589757316,0.00716316670120005
1372,T001,6860,0.00748521643317263,0.00780726616529699
1373,T001,6865,0.00716316670120005,0.00684111696937923
1374,T001,6870,0.00780726616529699,0.00716316670120005
1375,T001,6875,0.00716316670120005,0.00780726616529699
1376,T001,6880,0.00748521643317263,0.00748521643317263
1377,T001,6885,0.00748521643317263,0.00748521643317263
1378,T001,6890,0.00716316670120005,0.00716316670120005
1379,T001,6895,0.00716316670120005,0.00684111696937923
1380,T001,6900,0.00716316670120005,0.00716316670120005
1381,T001,6905,0.00812931589757316,0.00748521643317263
1382,T001,6910,0.00748521643317263,0.00716316670120005
1383,T001,6915,0.00716316670120005,0.00716316670120005
1384,T001,6920,0.00716316670120005,0.00684111696937923
1385,T001,6925,0.00748521643317263,0.00716316670120005
1386,T001,6930,0.00748521643317263,0.00748521643317263
1387,T001,6935,0.00812931589757316,0.00748521643317263
1388,T001,6940,0.00780726616529699,0.00716316670120005
1389,T001,6945,0.00684111696937923,0.00716316670120005
1390,T001,6950,0.00716316670120005,0.00748521643317263
1391,T001,6955,0.00780726616529699,0.00716316670120005
1392,T001,6960,0.00748521643317263,0.00716316670120005
1393,T001,6965,0.00716316670120005,0.00716316670120005
1394,T001,6970,0.00748521643317263,0.00716316670120005
1395,T001,6975,0.00716316670120005,0.00716316670120005
1396,T001,6980,0.00748521643317263,0.00716316670120005
1397,T001,6985,0.00748521643317263,0.00716316670120005
1398,T001,6990,0.00716316670120005,0.00716316670120005
1399,T001,6995,0.00748521643317263,0.00716316670120005
1400,T001,7000,0.00716316670120005,0.00684111696937923
1401,T001,7005,0.00684111696937923,0.00716316670120005
1402,T001,7010,0.00748521643317263,0.00716316670120005
1403,T001,7015,0.00748521643317263,0.00716316670120005
1404,T001,7020,0.00748521643317263,0.00716316670120005
1405,T001,7025,0.00748521643317263,0.00716316670120005
1406,T001,7030,0.00780726616529699,0.00716316670120005
1407,T001,7035,0.00748521643317263,0.00716316670120005
1408,T001,7040,0.00748521643317263,0.00716316670120005
1409,T001,7045,0.00748521643317263,0.00716316670120005
1410,T001,7050,0.00780726616529699,0.00716316670120005
1411,T001,7055,0.00716316670120005,0.00684111696937923
1412,T001,7060,0.00780726616529699,0.00716316670120005
1413,T001,7065,0.00748521643317263,0.00716316670120005
1414,T001,7070,0.00716316670120005,0.00716316670120005
1415,T001,7075,0.00748521643317263,0.00748521643317263
1416,T001,7080,0.00748521643317263,0.00716316670120005
1417,T001,7085,0.00716316670120005,0.00780726616529699
1418,T001,7090,0.00780726616529699,0.00748521643317263
1419,T001,7095,0.00716316670120005,0.00716316670120005
1420,T001,7100,0.00716316670120005,0.00716316670120005
1421,T001,7105,0.00748521643317263,0.00812931589757316
1422,T001,7110,0.00748521643317263,0.00748521643317263
1423,T001,7115,0.00716316670120005,0.00716316670120005
1424,T001,7120,0.00716316670120005,0.00748521643317263
1425,T001,7125,0.00748521643317263,0.00748521643317263
1426,T001,7130,0.00748521643317263,0.00716316670120005
1427,T001,7135,0.00716316670120005,0.00716316670120005
1428,T001,7140,0.00716316670120005,0.00748521643317263
1429,T001,7145,0.00748521643317263,0.00716316670120005
1430,T001,7150,0.00716316670120005,0.00716316670120005
1431,T001,7155,0.00748521643317263,0.00716316670120005
1432,T001,7160,0.00748521643317263,0.00716316670120005
1433,T001,7165,0.00716316670120005,0.00716316670120005
1434,T001,7170,0.00780726616529699,0.00748521643317263
1435,T001,7175,0.00748521643317263,0.00716316670120005
1436,T001,7180,0.00780726616529699,0.00780726616529699
1437,T001,7185,0.00748521643317263,0.00716316670120005
1438,T001,7190,0.00748521643317263,0.00716316670120005
1439,T001,7195,0.00748521643317263,0.00716316670120005
1440,T001,7200,0.00716316670120005,0.00684111696937923
1441,T001,7205,0.00748521643317263,0.00716316670120005
1442,T001,7210,0.00684111696937923,0.00716316670120005
1443,T001,7215,0.00748521643317263,0.00748521643317263
1444,T001,7220,0.00748521643317263,0.00684111696937923
1445,T001,7225,0.00716316670120005,0.00716316670120005
1446,T001,7230,0.00716316670120005,0.00748521643317263
1447,T001,7235,0.00716316670120005,0.00716316670120005
1448,T001,7240,0.00716316670120005,0.00716316670120005
1449,T001,7245,0.00716316670120005,0.00748521643317263
1450,T001,7250,0.00748521643317263,0.00716316670120005
1451,T001,7255,0.00748521643317263,0.00684111696937923
1452,T001,7260,0.00716316670120005,0.00716316670120005
1453,T001,7265,0.00716316670120005,0.00716316670120005
1454,T001,7270,0.00748521643317263,0.00716316670120005
1455,T001,7275,0.00716316670120005,0.00716316670120005
1456,T001,7280,0.00716316670120005,0.00716316670120005
1457,T001,7285,0.00780726616529699,0.00748521643317263
1458,T001,7290,0.00716316670120005,0.00716316670120005
1459,T001,7295,0.00748521643317263,0.00748521643317263
1460,T001,7300,0.00716316670120005,0.00716316670120005
1461,T001,7305,0.00716316670120005,0.00716316670120005
1462,T001,7310,0.00748521643317263,0.00716316670120005
1463,T001,7315,0.00748521643317263,0.00748521643317263
1464,T001,7320,0.00748521643317263,0.00716316670120005
1465,T001,7325,0.00780726616529699,0.00716316670120005
1466,T001,7330,0.00780726616529699,0.00716316670120005
1467,T001,7335,0.00748521643317263,0.00716316670120005
1468,T001,7340,0.00716316670120005,0.00684111696937923
1469,T001,7345,0.00748521643317263,0.00748521643317263
1470,T001,7350,0.00716316670120005,0.00716316670120005
1471,T001,7355,0.00748521643317263,0.00748521643317263
1472,T001,7360,0.00748521643317263,0.00716316670120005
1473,T001,7365,0.00716316670120005,0.00716316670120005
1474,T001,7370,0.00716316670120005,0.00748521643317263
1475,T001,7375,0.00716316670120005,0.00812931589757316
1476,T001,7380,0.00780726616529699,0.00716316670120005
1477,T001,7385,0.00716316670120005,0.00684111696937923
1478,T001,7390,0.00748521643317263,0.00716316670120005
1479,T001,7395,0.00780726616529699,0.00716316670120005
1480,T001,7400,0.00716316670120005,0.00748521643317263
1481,T001,7405,0.00716316670120005,0.00684111696937923
1482,T001,7410,0.00780726616529699,0.00748521643317263
1483,T001,7415,0.00748521643317263,0.00716316670120005
1484,T001,7420,0.00716316670120005,0.00716316670120005
1485,T001,7425,0.00748521643317263,0.00748521643317263
1486,T001,7430,0.00780726616529699,0.00748521643317263
1487,T001,7435,0.00716316670120005,0.00748521643317263
1488,T001,7440,0.00748521643317263,0.00716316670120005
1489,T001,7445,0.00748521643317263,0.00716316670120005
1490,T001,7450,0.00716316670120005,0.00748521643317263
1491,T001,7455,0.00748521643317263,0.00716316670120005
1492,T001,7460,0.00716316670120005,0.00684111696937923
1493,T001,7465,0.00716316670120005,0.00716316670120005
1494,T001,7470,0.00780726616529699,0.00748521643317263
1495,T001,7475,0.00716316670120005,0.00716316670120005
1496,T001,7480,0.00716316670120005,0.00716316670120005
1497,T001,7485,0.00716316670120005,0.00748521643317263
1498,T001,7490,0.00748521643317263,0.00716316670120005
1499,T001,7495,0.00716316670120005,0.00748521643317263
1500,T001,7500,0.00748521643317263,0.00716316670120005
1501,T001,7505,0.00748521643317263,0.00716316670120005
1502,T001,7510,0.00716316670120005,0.00716316670120005
1503,T001,7515,0.00748521643317263,0.00716316670120005
1504,T001,7520,0.00780726616529699,0.00845136563000114
1505,T001,7525,0.00716316670120005,0.00748521643317263
1506,T001,7530,0.00716316670120005,0.00716316670120005
1507,T001,7535,0.00748521643317263,0.00716316670120005
1508,T001,7540,0.00748521643317263,0.00716316670120005
1509,T001,7545,0.00748521643317263,0.00716316670120005
1510,T001,7550,0.00748521643317263,0.00684111696937923
1511,T001,7555,0.00748521643317263,0.00716316670120005
1512,T001,7560,0.00716316670120005,0.00684111696937923
1513,T001,7565,0.00748521643317263,0.00716316670120005
1514,T001,7570,0.00716316670120005,0.00716316670120005
1515,T001,7575,0.00716316670120005,0.00716316670120005
1516,T001,7580,0.00716316670120005,0.00716316670120005
1517,T001,7585,0.00716316670120005,0.00780726616529699
1518,T001,7590,0.00716316670120005,0.00716316670120005
1519,T001,7595,0.00748521643317263,0.00748521643317263
1520,T001,7600,0.00716316670120005,0.00748521643317263
1521,T001,7605,0.00684111696937923,0.00716316670120005
1522,T001,7610,0.00716316670120005,0.00716316670120005
1523,T001,7615,0.00716316670120005,0.00684111696937923
1524,T001,7620,0.00684111696937923,0.00716316670120005
1525,T001,7625,0.00716316670120005,0.00684111696937923
1526,T001,7630,0.00716316670120005,0.00716316670120005
1527,T001,7635,0.00716316670120005,0.00748521643317263
1528,T001,7640,0.00748521643317263,0.00684111696937923
1529,T001,7645,0.00748521643317263,0.00716316670120005
1530,T001,7650,0.00812931589757316,0.00716316670120005
1531,T001,7655,0.00748521643317263,0.00684111696937923
1532,T001,7660,0.00845136563000114,0.00748521643317263
1533,T001,7665,0.00748521643317263,0.00716316670120005
1534,T001,7670,0.00716316670120005,0.00716316670120005
1535,T001,7675,0.00716316670120005,0.00716316670120005
1536,T001,7680,0.00780726616529699,0.00716316670120005
1537,T001,7685,0.00748521643317263,0.00716316670120005
1538,T001,7690,0.00780726616529699,0.00716316670120005
1539,T001,7695,0.00716316670120005,0.00716316670120005
1540,T001,7700,0.00748521643317263,0.00780726616529699
1541,T001,7705,0.00748521643317263,0.00716316670120005
1542,T001,7710,0.00748521643317263,0.00716316670120005
1543,T001,7715,0.00716316670120005,0.00716316670120005
1544,T001,7720,0.00780726616529699,0.00716316670120005
1545,T001,7725,0.00748521643317263,0.00748521643317263
1546,T001,7730,0.00716316670120005,0.00748521643317263
1547,T001,7735,0.00716316670120005,0.00716316670120005
1548,T001,7740,0.00716316670120005,0.00716316670120005
1549,T001,7745,0.00748521643317263,0.00716316670120005
1550,T001,7750,0.00716316670120005,0.00716316670120005
1551,T001,7755,0.00748521643317263,0.00684111696937923
1552,T001,7760,0.00748521643317263,0.00780726616529699
1553,T001,7765,0.00748521643317263,0.00684111696937923
1554,T001,7770,0.00812931589757316,0.00716316670120005
1555,T001,7775,0.00748521643317263,0.00716316670120005
1556,T001,7780,0.00748521643317263,0.00716316670120005
1557,T001,7785,0.00780726616529699,0.00716316670120005
1558,T001,7790,0.00748521643317263,0.00684111696937923
1559,T001,7795,0.00716316670120005,0.00716316670120005
1560,T001,7800,0.00780726616529699,0.00748521643317263
1561,T001,7805,0.00716316670120005,0.00716316670120005
1562,T001,7810,0.00716316670120005,0.00716316670120005
1563,T001,7815,0.00748521643317263,0.00716316670120005
1564,T001,7820,0.00748521643317263,0.00716316670120005
1565,T001,7825,0.00716316670120005,0.00716316670120005
1566,T001,7830,0.00748521643317263,0.00716316670120005
1567,T001,7835,0.00716316670120005,0.00716316670120005
1568,T001,7840,0.00716316670120005,0.00748521643317263
1569,T001,7845,0.00716316670120005,0.00716316670120005
1570,T001,7850,0.00780726616529699,0.00716316670120005
1571,T001,7855,0.00716316670120005,0.00716316670120005
1572,T001,7860,0.00748521643317263,0.00716316670120005
1573,T001,7865,0.00780726616529699,0.00748521643317263
1574,T001,7870,0.00812931589757316,0.00716316670120005
1575,T001,7875,0.00716316670120005,0.00716316670120005
1576,T001,7880,0.00780726616529699,0.00716316670120005
1577,T001,7885,0.00716316670120005,0.00684111696937923
1578,T001,7890,0.00748521643317263,0.00716316670120005
1579,T001,7895,0.00780726616529699,0.00716316670120005
1580,T001,7900,0.00748521643317263,0.00716316670120005
1581,T001,7905,0.00780726616529699,0.00716316670120005
1582,T001,7910,0.00748521643317263,0.00684111696937923
1583,T001,7915,0.00748521643317263,0.00748521643317263
1584,T001,7920,0.00716316670120005,0.00748521643317263
1585,T001,7925,0.00780726616529699,0.00716316670120005
1586,T001,7930,0.00716316670120005,0.00716316670120005
1587,T001,7935,0.00780726616529699,0.00684111696937923
1588,T001,7940,0.00780726616529699,0.00716316670120005
1589,T001,7945,0.00716316670120005,0.00716316670120005
1590,T001,7950,0.00716316670120005,0.00780726616529699
1591,T001,7955,0.00780726616529699,0.00716316670120005
1592,T001,7960,0.00812931589757316,0.00716316670120005
1593,T001,7965,0.00748521643317263,0.00684111696937923
1594,T001,7970,0.00748521643317263,0.00716316670120005
1595,T001,7975,0.00748521643317263,0.00748521643317263
1596,T001,7980,0.00780726616529699,0.00748521643317263
1597,T001,7985,0.00748521643317263,0.00748521643317263
1598,T001,7990,0.00716316670120005,0.00780726616529699
1599,T001,7995,0.00748521643317263,0.00716316670120005
1600,T001,8000,0.00748521643317263,0.00748521643317263
1601,T001,8005,0.00812931589757316,0.00748521643317263
1602,T001,8010,0.00716316670120005,0.00716316670120005
1603,T001,8015,0.00780726616529699,0.00716316670120005
1604,T001,8020,0.00716316670120005,0.00748521643317263
1605,T001,8025,0.00748521643317263,0.00716316670120005
1606,T001,8030,0.00748521643317263,0.00684111696937923
1607,T001,8035,0.00748521643317263,0.00748521643317263
1608,T001,8040,0.00716316670120005,0.00716316670120005
1609,T001,8045,0.00716316670120005,0.00716316670120005
1610,T001,8050,0.00780726616529699,0.00812931589757316
1611,T001,8055,0.00716316670120005,0.00716316670120005
1612,T001,8060,0.00748521643317263,0.00716316670120005
1613,T001,8065,0.00748521643317263,0.00716316670120005
1614,T001,8070,0.00716316670120005,0.00748521643317263
1615,T001,8075,0.00716316670120005,0.00716316670120005
1616,T001,8080,0.00748521643317263,0.00716316670120005
1617,T001,8085,0.00716316670120005,0.00716316670120005
1618,T001,8090,0.00748521643317263,0.00748521643317263
1619,T001,8095,0.00748521643317263,0.00684111696937923
1620,T001,8100,0.00748521643317263,0.00716316670120005
1621,T001,8105,0.00716316670120005,0.00716316670120005
1622,T001,8110,0.00812931589757316,0.00748521643317263
1623,T001,8115,0.00716316670120005,0.00748521643317263
1624,T001,8120,0.00716316670120005,0.00716316670120005
1625,T001,8125,0.00748521643317263,0.00716316670120005
1626,T001,8130,0.00716316670120005,0.00748521643317263
1627,T001,8135,0.00684111696937923,0.00716316670120005
1628,T001,8140,0.00716316670120005,0.00716316670120005
1629,T001,8145,0.00780726616529699,0.00716316670120005
1630,T001,8150,0.00748521643317263,0.00716316670120005
1631,T001,8155,0.00684111696937923,0.00748521643317263
1632,T001,8160,0.00748521643317263,0.00748521643317263
1633,T001,8165,0.00748521643317263,0.00716316670120005
1634,T001,8170,0.00780726616529699,0.00716316670120005
1635,T001,8175,0.00748521643317263,0.00716316670120005
1636,T001,8180,0.00716316670120005,0.00684111696937923
1637,T001,8185,0.00716316670120005,0.00748521643317263
1638,T001,8190,0.00748521643317263,0.00716316670120005
1639,T001,8195,0.00716316670120005,0.00716316670120005
1640,T001,8200,0.00716316670120005,0.00780726616529699
1641,T001,8205,0.00716316670120005,0.00716316670120005
1642,T001,8210,0.00748521643317263,0.00780726616529699
1643,T001,8215,0.00780726616529699,0.00845136563000114
1644,T001,8220,0.00748521643317263,0.00716316670120005
1645,T001,8225,0.00716316670120005,0.00716316670120005
1646,T001,8230,0.00748521643317263,0.00716316670120005
1647,T001,8235,0.00780726616529699,0.00748521643317263
1648,T001,8240,0.00780726616529699,0.00716316670120005
1649,T001,8245,0.00748521643317263,0.00716316670120005
1650,T001,8250,0.00716316670120005,0.00716316670120005
1651,T001,8255,0.00877341536258096,0.00748521643317263
1652,T001,8260,0.00684111696937923,0.00748521643317263
1653,T001,8265,0.00716316670120005,0.00716316670120005
1654,T001,8270,0.00748521643317263,0.00716316670120005
1655,T001,8275,0.00716316670120005,0.00748521643317263
1656,T001,8280,0.00748521643317263,0.00716316670120005
1657,T001,8285,0.00780726616529699,0.00748521643317263
1658,T001,8290,0.00748521643317263,0.00716316670120005
1659,T001,8295,0.00748521643317263,0.00748521643317263
1660,T001,8300,0.00780726616529699,0.00748521643317263
1661,T001,8305,0.00716316670120005,0.00716316670120005
1662,T001,8310,0.00716316670120005,0.00716316670120005
1663,T001,8315,0.00780726616529699,0.00716316670120005
1664,T001,8320,0.00716316670120005,0.00716316670120005
1665,T001,8325,0.00716316670120005,0.00716316670120005
1666,T001,8330,0.00716316670120005,0.00716316670120005
1667,T001,8335,0.00716316670120005,0.00748521643317263
1668,T001,8340,0.00748521643317263,0.00748521643317263
1669,T001,8345,0.00748521643317263,0.00684111696937923
1670,T001,8350,0.00780726616529699,0.00780726616529699
1671,T001,8355,0.00748521643317263,0.00716316670120005
1672,T001,8360,0.00748521643317263,0.00716316670120005
1673,T001,8365,0.00748521643317263,0.00716316670120005
1674,T001,8370,0.00716316670120005,0.00748521643317263
1675,T001,8375,0.00748521643317263,0.00716316670120005
1676,T001,8380,0.00748521643317263,0.00716316670120005
1677,T001,8385,0.00716316670120005,0.00748521643317263
1678,T001,8390,0.00748521643317263,0.00684111696937923
1679,T001,8395,0.00748521643317263,0.00780726616529699
1680,T001,8400,0.00748521643317263,0.00716316670120005
1681,T001,8405,0.00716316670120005,0.00716316670120005
1682,T001,8410,0.00748521643317263,0.00716316670120005
1683,T001,8415,0.00716316670120005,0.00716316670120005
1684,T001,8420,0.00684111696937923,0.00716316670120005
1685,T001,8425,0.00748521643317263,0.00780726616529699
